-- phpMyAdmin SQL Dump
-- version 5.1.1
-- https://www.phpmyadmin.net/
--
-- Hôte : 127.0.0.1:3306
-- Généré le : mer. 14 juin 2023 à 11:50
-- Version du serveur : 5.7.36
-- Version de PHP : 7.4.26

SET SQL_MODE = "NO_AUTO_VALUE_ON_ZERO";
START TRANSACTION;
SET time_zone = "+00:00";


/*!40101 SET @OLD_CHARACTER_SET_CLIENT=@@CHARACTER_SET_CLIENT */;
/*!40101 SET @OLD_CHARACTER_SET_RESULTS=@@CHARACTER_SET_RESULTS */;
/*!40101 SET @OLD_COLLATION_CONNECTION=@@COLLATION_CONNECTION */;
/*!40101 SET NAMES utf8mb4 */;

--
-- Base de données : `apreciapfe`
--

-- --------------------------------------------------------

--
-- Structure de la table `admin`
--

DROP TABLE IF EXISTS `admin`;
CREATE TABLE IF NOT EXISTS `admin` (
  `id_admin` int(11) NOT NULL AUTO_INCREMENT,
  `nomadmin` varchar(100) NOT NULL,
  `prenomadmin` varchar(100) NOT NULL,
  `email` varchar(100) NOT NULL,
  `password` varchar(100) NOT NULL,
  PRIMARY KEY (`id_admin`)
) ENGINE=InnoDB AUTO_INCREMENT=5 DEFAULT CHARSET=latin1;

--
-- Déchargement des données de la table `admin`
--

INSERT INTO `admin` (`id_admin`, `nomadmin`, `prenomadmin`, `email`, `password`) VALUES
(2, 'hamza', 'ammar', 'ammar.hamza1995@gmail.com', 'h1223'),
(3, 'Ayoub', 'Juini', 'Ayoubjuini@gmail.com.com', 'pfe2023'),
(4, 'nesrine', 'benromdhane', 'nesrinebenromdhane@yahoo.com', 'nes12345');

-- --------------------------------------------------------

--
-- Structure de la table `association`
--

DROP TABLE IF EXISTS `association`;
CREATE TABLE IF NOT EXISTS `association` (
  `id_a` int(11) NOT NULL AUTO_INCREMENT,
  `desgination` varchar(50) NOT NULL,
  `adresse` varchar(50) NOT NULL,
  `email` varchar(50) NOT NULL,
  `description` text NOT NULL,
  `Tel` varchar(100) NOT NULL,
  PRIMARY KEY (`id_a`)
) ENGINE=InnoDB AUTO_INCREMENT=7 DEFAULT CHARSET=latin1;

--
-- Déchargement des données de la table `association`
--

INSERT INTO `association` (`id_a`, `desgination`, `adresse`, `email`, `description`, `Tel`) VALUES
(1, 'Al-Kafala Charity Association', 'Avenue 2 mars 3060 Mahares, Tunisia', 'contact@alkafala.org', 'It is a charitable, relief and social association...', '+216 74628728'),
(2, ' The Tunisian Association of People with Trisomy', 'EL Jahedh Street -2013 Ben Arous -Tunis, Tunisia', '	atppt21ass@gmail.com', 'The Tunisian Association of People...', '	+216 71388007'),
(3, 'Association Nsitni  ', '07 rue el khalil menzeh 8 L\'Ariana,', '	nsitni.tunisie@gmail.com; contact@nsitni.org', 'More than seven months after January 14, the Martyrs and...', ''),
(4, 'Jasmin Youth Association', 'mhamdiya municipality', 'ahmedharimna@gmail.com', 'Since 2006 L\'Art Rue, created by...', '+216 52839829'),
(5, 'Street Art', '40, rue Kouttab Louzir, 1006 medina of Tunis Tunis', 'comunication@lartrue.org', ' created by the duo of dancers...', '+216 29212775'),
(6, 'Tunisian Council for Refugees', 'Rue Abdelhamid Ibn Bedis - 1002 - Tunis', 'acentunisia@gmail.com', 'Being a national non-governmental...', '+216 71781531');

-- --------------------------------------------------------

--
-- Structure de la table `carte_cadeaux`
--

DROP TABLE IF EXISTS `carte_cadeaux`;
CREATE TABLE IF NOT EXISTS `carte_cadeaux` (
  `id_c` int(11) NOT NULL AUTO_INCREMENT,
  `monnaie` float NOT NULL,
  `status` int(11) NOT NULL,
  `commentaire` text NOT NULL,
  `react` int(11) NOT NULL,
  `id_e` int(11) NOT NULL,
  PRIMARY KEY (`id_c`),
  KEY `id_e` (`id_e`)
) ENGINE=InnoDB DEFAULT CHARSET=latin1;

-- --------------------------------------------------------

--
-- Structure de la table `carte_resteau`
--

DROP TABLE IF EXISTS `carte_resteau`;
CREATE TABLE IF NOT EXISTS `carte_resteau` (
  `id_cr` int(11) NOT NULL AUTO_INCREMENT,
  `valeur_ticket` float NOT NULL,
  `nbr_ticket` int(11) NOT NULL,
  `nbr_point` int(11) NOT NULL,
  `status` tinyint(1) NOT NULL,
  `date_cr` date NOT NULL,
  `disponiblite` tinyint(1) NOT NULL,
  `id_e` int(11) NOT NULL,
  PRIMARY KEY (`id_cr`),
  KEY `id_e` (`id_e`) USING BTREE
) ENGINE=InnoDB AUTO_INCREMENT=8 DEFAULT CHARSET=latin1;

--
-- Déchargement des données de la table `carte_resteau`
--

INSERT INTO `carte_resteau` (`id_cr`, `valeur_ticket`, `nbr_ticket`, `nbr_point`, `status`, `date_cr`, `disponiblite`, `id_e`) VALUES
(3, 4, 5, 300, 0, '2023-06-07', 0, 46),
(4, 4, 10, 500, 0, '2023-06-07', 0, 51),
(5, 4, 6, 300, 1, '2023-06-08', 0, 169),
(6, 4, 6, 300, 1, '2023-06-09', 0, 169),
(7, 4, 6, 300, 1, '2023-06-09', 0, 169);

-- --------------------------------------------------------

--
-- Structure de la table `carte_voyage`
--

DROP TABLE IF EXISTS `carte_voyage`;
CREATE TABLE IF NOT EXISTS `carte_voyage` (
  `id_v` int(11) NOT NULL AUTO_INCREMENT,
  `description` varchar(50) NOT NULL,
  `date_debut` date NOT NULL,
  `date_fin` date NOT NULL,
  `status` tinyint(1) NOT NULL,
  `nbr_point` int(11) NOT NULL,
  `reduction` float NOT NULL,
  `date_cv` date NOT NULL,
  `disponiblite` tinyint(1) NOT NULL,
  `id_e` int(11) NOT NULL,
  PRIMARY KEY (`id_v`),
  KEY `id_e` (`id_e`) USING BTREE
) ENGINE=InnoDB AUTO_INCREMENT=8 DEFAULT CHARSET=latin1;

--
-- Déchargement des données de la table `carte_voyage`
--

INSERT INTO `carte_voyage` (`id_v`, `description`, `date_debut`, `date_fin`, `status`, `nbr_point`, `reduction`, `date_cv`, `disponiblite`, `id_e`) VALUES
(3, 'carte voyage', '2023-06-07', '2023-06-08', 0, 2000, 40, '2023-06-07', 0, 46),
(4, 'travel card', '2023-06-08', '2023-06-19', 0, 4000, 40, '2023-06-07', 0, 45),
(5, 'teste', '2023-06-09', '2023-06-09', 1, 1500, 40, '2023-06-09', 0, 169),
(6, 'travel card', '2023-06-09', '2023-06-09', 1, 1500, 40, '2023-06-09', 0, 169),
(7, 'travel card', '2023-06-09', '2023-06-09', 0, 1500, 40, '2023-06-09', 0, 169);

-- --------------------------------------------------------

--
-- Structure de la table `comentaire_recomponce`
--

DROP TABLE IF EXISTS `comentaire_recomponce`;
CREATE TABLE IF NOT EXISTS `comentaire_recomponce` (
  `id_c` int(11) NOT NULL AUTO_INCREMENT,
  `date` date NOT NULL,
  `comentaire` varchar(200) NOT NULL,
  `reactNombre` int(11) NOT NULL,
  `id_r` int(11) NOT NULL,
  `id_e` int(11) NOT NULL,
  PRIMARY KEY (`id_c`),
  KEY `recomponce` (`id_r`),
  KEY `id_e` (`id_e`) USING BTREE
) ENGINE=InnoDB AUTO_INCREMENT=8 DEFAULT CHARSET=latin1;

--
-- Déchargement des données de la table `comentaire_recomponce`
--

INSERT INTO `comentaire_recomponce` (`id_c`, `date`, `comentaire`, `reactNombre`, `id_r`, `id_e`) VALUES
(1, '2023-05-03', 'Well done', 8, 380, 45),
(2, '2023-05-03', 'congratulations', 0, 380, 50),
(3, '2023-05-03', 'congratulation', 9, 7, 45),
(4, '2023-05-03', 'Well done ', 0, 7, 45),
(7, '2023-06-09', 'congratulation', 0, 380, 175);

-- --------------------------------------------------------

--
-- Structure de la table `donation`
--

DROP TABLE IF EXISTS `donation`;
CREATE TABLE IF NOT EXISTS `donation` (
  `id_d` int(11) NOT NULL AUTO_INCREMENT,
  `monnaie` float NOT NULL,
  `status` int(11) NOT NULL,
  `commentaire` text NOT NULL,
  `react` int(11) NOT NULL,
  `type_transaction` text NOT NULL,
  `date_d` date NOT NULL,
  `id_e` int(11) NOT NULL,
  `id_a` int(11) NOT NULL,
  PRIMARY KEY (`id_d`),
  KEY `id_e_2` (`id_e`) USING BTREE,
  KEY `id_a_2` (`id_a`) USING BTREE,
  KEY `id_e` (`id_e`) USING BTREE,
  KEY `id_a` (`id_a`) USING BTREE
) ENGINE=InnoDB AUTO_INCREMENT=70 DEFAULT CHARSET=latin1;

--
-- Déchargement des données de la table `donation`
--

INSERT INTO `donation` (`id_d`, `monnaie`, `status`, `commentaire`, `react`, `type_transaction`, `date_d`, `id_e`, `id_a`) VALUES
(42, 20, 1, '', 0, 'point', '2023-04-26', 45, 1),
(43, 0, 1, '', 0, 'point', '2023-04-26', 46, 2),
(45, 20, 0, '', 0, 'solde', '2023-04-26', 49, 2),
(47, 30, 0, '', 0, 'point', '2023-04-26', 50, 2),
(51, 6, 0, '', 0, 'point', '2023-04-26', 46, 2),
(52, 7, 0, '', 0, 'point', '2023-04-26', 46, 2),
(53, 3, 0, '', 0, 'point', '2023-04-26', 46, 2),
(54, 2, 0, '', 0, 'point', '2023-04-26', 46, 2),
(56, 1.2, 1, '', 0, 'point', '2023-04-26', 46, 1),
(57, 0, 0, '', 0, '1', '2023-04-28', 45, 3),
(58, 10, 0, '', 0, 'solde', '2023-04-28', 45, 6),
(59, 10, 1, '', 0, 'solde', '2023-06-08', 169, 1),
(60, 10, 0, '', 0, '1', '2023-06-08', 169, 3),
(61, 20, 0, '', 0, '1', '2023-06-08', 169, 3),
(62, 5, 0, '', 0, '1', '2023-06-08', 169, 3),
(63, 5, 0, '', 0, '1', '2023-06-08', 169, 3),
(64, 5, 0, '', 0, '1', '2023-06-08', 169, 3),
(65, 5, 0, '', 0, '1', '2023-06-08', 169, 3),
(66, 5, 1, '', 0, '1', '2023-06-08', 169, 3),
(68, 10, 1, '', 0, 'solde', '2023-06-09', 169, 2),
(69, 20, 0, '', 0, '1', '2023-06-09', 169, 3);

-- --------------------------------------------------------

--
-- Structure de la table `employee`
--

DROP TABLE IF EXISTS `employee`;
CREATE TABLE IF NOT EXISTS `employee` (
  `id_e` int(11) NOT NULL AUTO_INCREMENT,
  `nom` varchar(50) NOT NULL,
  `prenom` varchar(50) NOT NULL,
  `email` varchar(50) NOT NULL,
  `password` varchar(100) NOT NULL,
  `grade` varchar(50) NOT NULL,
  `nbr_point` int(11) NOT NULL,
  `solde_argent` float NOT NULL,
  `image` text NOT NULL,
  `isActive` tinyint(1) NOT NULL,
  `id_r` int(11) NOT NULL,
  PRIMARY KEY (`id_e`),
  KEY `id_admin` (`id_r`) USING BTREE
) ENGINE=InnoDB AUTO_INCREMENT=176 DEFAULT CHARSET=latin1;

--
-- Déchargement des données de la table `employee`
--

INSERT INTO `employee` (`id_e`, `nom`, `prenom`, `email`, `password`, `grade`, `nbr_point`, `solde_argent`, `image`, `isActive`, `id_r`) VALUES
(45, 'Abir', 'Ben Romdhane', 'nesrinebenromdhane441@gmail.com', '$2a$12$h3fb457OOt/iw3ORvoeJbOAeT6PWd5L0ilKRdqcXc16yDQKBV3Qti', 'employee', 940, 4500, 'iVBORw0KGgoAAAANSUhEUgAAAgAAAAIACAYAAAD0eNT6AAAAAXNSR0IArs4c6QAAAARnQU1BAACxjwv8YQUAAAAJcEhZcwAADsMAAA7DAcdvqGQAABuhSURBVHhe7d0rlF63uQbgsMLAQEPDQMPAwELDQsNAwzDDQsNCw0BDQ8PCwMDCwNJz9KaZ1amXxnP7f+mT9DxrvTDO2LO3tq6fvgEAAAAAAAAAAAAAAAAAAAAAAAAAAAAAAAAAAAAAAAAAAAAAAAAAAAAAAAAAAAAAAAAAAAAAAAAAAAAAAAAAAAAAAAAAAAAAAAAAAAAAAAAAAAAAAAAAAAAAAAAAAAAAAAAAAAAAAAAAAAAAAAAAAAAAAAAAAAAAAAAAAAAAAAAAAAAAAAAAAAAAAAAAAAAAAAAAAAAAAAAAAAAAAAAAAADu9aLlh5YfW37u5NMD867ly//2ry35s1+2AAATvGrJBzkf5l9aPrf83+D8s+VjS36G1y3pHAAAF/CXlpvRfEbmv7X0PsaV8q+Wm1mEdFK+bQEA7pEPfj6eM0b110pmC/7ekg5BOjUAcLxMnd+M8Hsfzx2Tzk06Oens6BAAcIR88LJmnrX73sfxxKTz87cWywUAbCcb9963/N7S+wjKN9/8u+UfLZkZAIBl5VhepvdX2LxXLdlMmH0Djh0CsIRMY79p2WkT3+z82vJTy3ctAFBKPk4ZsWYau/cRk8skSwSZWQGAqfIx8uEfn3QELA8AMFw+/PkI9T5OMi45TfF9CwBcVUadPvz1ko5ATloAwEXlw+/sfv2kpoCOAADPll39qVrX+9hI3WSWxqkBAJ4ktetzHr33gZH6SdGlHMkEgAfJBr9cddv7qMh6SU0GywIA3Cl1+t+2ONK3Z1KK2X0DAPyP1J9Pxbneh0P2SZZ0cvEQAIfLiNCxvvOSZQGbBAEOlQIyRv3nJpsE3TwIcJjsDrfWL0mOeQKwuUz5f2jpfQjk3GRJwCVDAJsy5S9fS5YEUvsBgI2Y8peHJrc75kgoAAsz5S9PiSUBgIXl4//Pll4DL3Jffmtx1TDAYjJ6SwPea9hFHprsC1BGGGARGbW5xEculewdUS8AoLg01Bm19RpykedECWGAol632Okv10wuiwKgkBzz6zXYIpeOyoEARfzc0muoT02WQD615JKj/NvcJDMkP9yTFMK5/d/kCt38WfZU/G/ybwvARPlI9RroE5Kqhr+03P64X7uAze1OQuornHzMUicAYJLTpv1zrDEj8nzsK11lm3oL6RSkgt5pHQLLAQCD5SPYa5B3SqbyM8rM7vOVqtLd7hCcUIvBxkCAQXLUb+fd/plaTwdnF1k2SEdm5+OZjggCXFmK/Oz4IUnt+SxpZPS8q+xPSMcm+xZ6/wYrR7EggCvKNPhOu9Hz0cg0+YmXzmQPQ6bOd/t9ujsA4MLywdhlPTkzGNlFX2kj3yyZFfipZZeOQH63L1sAuIBdbvW7+fDvPM3/VDcdgR06efk7uEoY4AJWXzPO6DYft2uf0d9FNtSt3hHIng6/b4BnyIez18CukqzxG/E/Xj6emS1Z+bRHfvcAPEHuYV/1A5ARoA1hz5ep9I8tvX/jFZJ6CAA8QkbNK04DZ50/x/m4rHxIV9womOfBfgCAR1hx3T/Fbkz3X0+WBVJ6t/dvXzn2AwA80Grr/hnlmeodJ0tDq80G2A8AcI/V1v0zujPFO15mWlbbG6CTCHCH1db9czOfqd25clKg97upGPsBAO6QS3B6DWe1pCHf6bKe1eWyoVWWBDJjBMAtuUil12BWS2YolHqtJ2WVV6kW6ZQIwJ8yjb7C1H8+MHb515XnaIV9AZlBcg8EQLPCOm4+LNb715DjmL3fYaXkZwQ4WqbTq+/6T2Pt47+WFeoFZO8CwLGqT9nmQ8Kastbe+51WSZaUdCyBI2Unfa9hrJIsTbC23CzY+91WydsWgKNkM13lo1tG/vuo3AnI8pfaAMBRUhq11yBWiA1a+6m80TT3XgAcIdfk9hrCCrHbf1+p3Nj7nVeIMsHAEare9GdT1v6qVpvMswewtaqj/xQiUuRnf+ngVT15YhYA2FrF0b9LWs6STsCvLb1nYWbMAgDbqjr6N/I6T9UCVJ5FYEsVR/85jcCZKh4PNAsAbCcjrl6DNzO5mtWmv7NV3BSYmzEBtlHt3L91fyIbP6vdRKkuALCNXH1abb3VWis3XrVUez6zXwZgedVG/ykIA7elJn/vWZkVswDA8qqN/nP/gPP+fCl7QbIBr/fMzIpZAGBpP7X0GrdZyc5v6Mn9/L1nZlacUAGWVmlU9akFvqbSqYDMVjmlAiypUuGfLEOYUuU+WbLKCZHeMzQjNqsCS8qd+r1GbUZMp/JQlZatMiMBsJxMYfYatdExlcpjVVm6ysyVTavAUlLNrNegzUhGdPAYmXrvPUsz8qYFYBn/aOk1ZqNj9M9TVZkFsHkVWEY+uFXO/hv981SVZgGUrQaWUOWWNaN/nqvKLMDPLQDlZcqy14iNjtE/z1VlFiAXFgGUlh3LvQZsdOye5lKqnGZRxwIorcqIybl/LqVKXQAzWkBpVW7+S0U3uITsI6lQHdANgUBpFTZNOTbFpVU41ppOCEBJVdb/3fjHpVW5KdA+AKCkCuv/2fzn6B/XkJ34vWduZOwDAEqqsP7v8hSupcLlVvYBACVVWP/PHQRwDS9bes/cyNgHAJRTYf0/57Xhmj639J69kbEPACilwvr/+xa4prctvWdvZOwDAEqpsP6fTghcU0bfvWdvZOwDAEqpMDWq9C8jzC4KZKkLKGV2o5gNiDBCRuC9Z3BkdHaBEipsAFT7n1Eq3A1gIyBQwquWXiM1Mtb/GaXCPoDXLQDTvWnpNVIjY0qUkWYveaUoEcB0s08AWP9ntNn7AJwEAEr42NJrpEbF+X9Gm10P4NcWgOnSGPUaqVFRGIXRZhe+yqVXAFPl5r1eAzUyNgAyWoWNgLmbAGAaDSEn0vEFjpfjSL3GaWTSGMNoqcjXex5HJfsQAKb5W0uvcRoVm6GYZfbm159bAKZJI9RrnEYljTDMkNMnvWdyVP7RAjDN7A6AEsDMMrsksA4AMNXsIkCmQZll9vKXYkDAVBmF9BqnUUkjDDP80NJ7JkflUwvANDoAnEoHADhaGqFe4zQqzkIzy+waGL+1AEwzuwOQURjM8KKl90yOig4AMFVu4us1TqPyqgVm+K6l90yOSq4kBpgmo5Be4zQqGYXBLL1ncmQAptEB4GS9Z3JkAKaZXQ8907AwS++ZHBmAacwAcLLeMzkyANPM7gDkKBbM8G1L75kcGYBpchtfr2EaFccAmWX2McB/twBMM7sOwI8tMMPLlt4zOSrqAABTze4AKAXMLLNLAesAAFPpAHAqHQDgaB9aeo3TqLxtgRlet/SeyVH53AIwzfuWXuM0Ku9aYIY3Lb1nclQ+tgBM83NLr3EalV9aYIa/t/SeyVHJVdwA08weBeUyIpghnc/eMzkqZr+AqXIff69xGhVnoZlldg2Mn1oAppm9EzpRDpgZes/iyDgBA0w1uxpaohgQo80uApSogglMVaEeevYhwEjpdPaexZFJJwRgqtlXAmc3NoyU9ffeszgyf2kBmCrnkXsN1KikGiGMlCN4vWdxVLIBEWC62eehcxLAaIiRZl+Drf4FUMLsWgCJDVGMUmHjqxoAQAmvWnqN1MikIiGMkON3vWdwZHIPAcB0FU4C2AfAKLPX/5PvWwBKmL0mah8Ao3jWAW6ZXRc9sQ+Aa6uw/u/+C6CUCuei7QPg2iqs/6t7AZSSNcleYzUyRkZcW4WZrlzABVBG1iSzNtlrsEZGeVSuJZtdKzzjLr8CyslO/F6DNTLOR3MtFepdZAMiQDlZg+81WiOTewngGj639J65kckRRIBysgu/12iNjtMAXFqF3f9JNiEClJN9AL+39BqukTFK4tIqzG4l1v+BsirsklYohUubXfwnccoFKK3COelErXQupcrSlvP/QGnftfQar9ExWuJSKsxqJfa2AOXl49trwEZHwRSeq0KBq8SyFrCEKhumzALwXFVG//k5AMpLNb5eIzYjZgF4qiqj/8SeFmAZVZYBzALwVFVG/zlaa/ofWMbbll5jNiNmAXisSqN/dS2ApVQ5DZCYBeCxqoz+E7v/geV8bOk1aDOSi1zgIX5s6T1DM+LyH2BJVYoCJbkkKLMS8DVZa/+1pfcMzUhO1AAsJ41phfvTb/K+Bb6myhHWm+i0AstK+dJewzYrr1qgJxftVOqwOvsPLK1STYDEhkDuUmnjX2LzH7C8ag3rTy1wW46K9p6VWdFRBbZQrXHNNG9mJiCyzp5Nor1nZVacWgG2UWlndZKfR3U14lNL7xmZlXRGPJvANjLt3mvsZkaFNart+k/c+w9sJSOaatOsSWoVcKacCKm06z/Jz+PoH7CdirMA9gOc6duWVNnrPRMzY/QPbKnqLID9AOepdjIlMfoHtlZxFiDJvQWcoeK6f2L0D2yt6ixAYlPg/qp2QI3+gSPkjHOvEawQl6/sq9LlVF/mXQvAET639BrCClGEZT+54rfajv+bZDOiPSjAMb5vqdogJ6leyB6qP2vpnAAcJdOevQaxQvLB0DCvLx//31t6v+MK+dACcJxMe1Y8i30TnYC1Vf/45/my8Q84Vj6wvcaxUlQLXE/lNf+buJUSOF6mQXsNZKW8bWEN6bBV//i77hegyTRo5anamziqVV/lI6a3k+UJAJpVGm7FguqqWuHvy6j4B/CFyrUBbic/p81bdeRin4q1/Xtx1z9AR/Xz2reTJQsnBObLlb6VT5J8GfUlAO5QuTZAL/l5jejmyMbMVTqMSWYpALhDPqarLAXcJD/vixbGyJR/bm/s/S6qJrMUlo0A7pGPadUbA+9KlgTUC7i+LLus9mxklsKuf4AH+qFlpendm3xqednCZWX0vMpGvy/zugWAR6h6d/tDYm/A5ay21n87jvwBPFHO3fca1hWSqWq7vp8us0C/tvT+bVdI9ikA8EQrbgr8MvkQWAN+uOwBWaE89NeSTX/ZrAjAM6y4KbCXdAQyqqUvnaSVZ3xukg2h9oEAXEgKvqy6DvxlslFQR+C/8uFfdYNfL5Z9AC5slfsCHprcCHfyxyKdup0+/EnuIwDgCt639BrelZP14pwaOGHaOMf5crpj5c19d0WlP4AryqbA1arAPSaZFchMx05V4/I7S5Gk3X9vjn0CXNnunYCbZESZD+eKZYazAz7LG9nUt8vejbuSj78d/wCDnNIJuEmWCfIxTVW5irMDNx/8FL7JB7H3d9gxPv4AE5zWCbidrKFnP0TW03OiYGSnIB+8/D+zVHHaB/92Up/Cxx9gkpM7Ab3ko5Slg+xGz/JBPtQ3eUgn4ebjfpPMOOTPSmGeHF/s/T9PTJ45a/4Ak6Uh3qGAjKwRH3+AYnQC5Nrx8QcoSidArhUff4DidALk0vHxB1iEToBcKj7+AIvJEbndi9DIdaO2P8CicuHMDlcJy9jkSt8fWwBYWM62Zxq319CLfJnUUlix/DIAd8h0bq/BF7lJKhta7wfYUKrbZXq31/jLuckzkaqHAGwsJXEzzdv7EMh5yb0KL1sAOECmeTPd2/sgyDnJHQem/AEOlCtsLQmclxwPzW2GABwqR71Ovc725PzWkjoRRv8Ah8mGLx9+yexPToe41x9gYxnt5Y78jP56HwM5N1kSyJ6QbBAFYBMZ3WW6V0VAeUhyj4RCQAALy2gu07s2+clT8kvL9y0ALCIj/nctLgKSSyQdATMCAMXlaJepfrlGskfAZkGAYlLi165+uXaynJT9JABMlhKumaLtNdYi10rKB7suGGCCTMUq5Suz86nFRkGAQTIFa2e/VMr7FjUEAK4k0/1u8ZOqSac0haYAuKC3LY71yQr52GI2AOCZjPplxZgNAHii1O1PMZ9e4yqySswGADzCq5Ycs+o1qCKrxWwAwD2M+mXnmA0A6Mhav0p+snsyG/DXFgCaNIjO9ctJyUwXwLEy5a+a32XyW0uq0t0kd9rnKuTbSUcrdyZ8LSlv++V/lyI3t/9s+zMuk/xbulwIOE7WQh3ve1wyS5KPRj7I+TDnYz2zDG3+3+k05GdJRy4/m5sYH5f8e2XTK8AR8tEw5X93Mpr/0JIP682ofTX5qOVnz98hsxFmDe5OCly5YRDYXj4IvUbw5GQUmA9+joq9aNlVZn1et6RDkE5O79/i5OQZyLIYwFay1pljUL2G77Rk9iNXGGfUl9MPp0pn501LPnyWDv6TzJSc/EwAm0mDdvKIL1O86fzkPgPrvXfLnoJ0itI5Ovneh3QQs78DYGknr/dnk2NGuHZ6P16mwrMkcuqsUTpAqgcCy8p672kjucx0ZJ/Dzmv5o2XvQGYGTtxImGcJYClpsHsN2o7JDEc2tpnev74sJ+XI4Ul7BvJsASzhlOI+WavOLIed23NknTwfxxNmmbIU4jkDykoDlR3dvQZsl2S0n2lZl7rUkecuM067zwrkrgz7SYBy0jClElyv4doh+bjkw68Bri0b53Y+cZK/m2OCQBnZ8LbrBq18+DO6NP26lnQEdr1dMrNQM0tAA/whH/8dR1z5O+Uj4sO/tpQj3rEjoBMATLXjxz8zGc5f7yf1KHZbotIJAKbIWvhOH/98+DNaZG+7dQR0AoCh8vHfZVo1R8hSotdU/1lyfHOXUwM6AcAQO338c47fcb5z5Vl+19J7NlZLZuNUnwSuZpePf6b7XbbCjYyec29D71lZKToBwFXs8PE33c/XZPPn6ssCOgHARe3w8U8pVQ0j98mzvnopa50A4GJWvpI1jaHpfh5r9WWBdNjTmQF4svctvQZmheSiGNP9PEfKP/eerRWSjjvAk6x6pW/W+hXz4VJSO2DVvQFZzgB4lEyb9xqU6skOf5elcGk5LrpqAaF05AEeJB/QFBfpNSaVY8qfa1t1ScA+GOBeGelk41yvEakaU/6MtOKSgGqBwFdl9LzazmdT/syw4pJAOvYqXwJdH1p6DUfVmPJnttWWBNLB984A/yMV8noNRtW8aYEKsr6eZajec1oxuQMD4A9Z0+w1FBWThtaGJqrJ+vpKG2edDAD+WBNcZUNTGthXLVBRyu+usoE2HWnvEhxulTK/aVjtYqa6dKhXuTcjG2jtB4BDrVLpLw2Vy01YRWrwr3JCIBtpgcNk+m+FjUsuNWFFGVmvcqpGDQ04SBqnFdYqszxhipKVrXCZVgYCamnAITLt12sIKsUZf3axQq0A9QHgAJnu6zUAlWJdkt2s8N65ORA2lmm+6uv+Pv7saoViW39tATZU/XiSNX92966l9+xXSWqCuC8ANlP9yF86Jz7+nKD6HhyzcLCR9OgrT/3nnL+jfpwiHd3qBbhSHhzYQC7/6L3kFZLjiIr8cJp0Aipfva1KIGwgm3p6L3iFpLa/88ecKrNe+dD23o0KyfFFYFHpwVe96MdlJFD7AiEFgmBhOdfbe7FnJw2LK33hP/KRrXqVcO40ABaTm/N6L3SFvGkB/qvy3RzuCoDFVD3z74gR9FU9qqs2ACykasUxO4vh66qe2NFxhwVUPfNvQxHcLycDqm4KzLIiUFjVjX/WEeFhqu4HyOwEUFTV0b/pQ3icqvsBVAiEoiqO/q37w9NU3A+QzcVAMRWP/Vn3h6fLjF7FQl6uDIZiKo4WrPvD82TKvfduzYxZACik4ujfuj9cRmry996xmTELAEVUG/1b94fLSkne3rs2K95xKKDibX/q/MNlZZav2gmfnFQAJqpW8tdZYbiOdy29d25WskHRLABMUm30nxGKmuFwHfnYVjsVYBYAJvnY0nspZ0VjANdVrdOfvQDAYNV2/mcpwnQgXF+1Tb9OBMBg71t6L+OsKBEKY7xoqbQhMDORwCDVav5/aAHGqXblt5sCYZBKhUFs/IPxstyW9ffeOzkjCn/BANV2Atv4B3Ok3kbvnZwRAwEYIPX1ey/gjNj4B3Nl+a33bs5IZiaBK6pU+MfuX5ir0n4ghYHgiipN+bkRDGqodCLoTQtwBZXO/xr9Qw2VaoIYGMAVZKqv98LNiJccaqk0OHjVAlxQdtv3XrYZed0C1FFpFuDvLcAFfW7pvWyjY6MP1FRlFiBtBHAhL1t6L9qMOPcPNVWaBciGZeACqlT+M/qH2qrMAqgMCBfyW0vvJRsdo3+orcp1walNYLAAz5Qdtb0XbHSM/mENVYqF2SwMz1SlyIfRP6yhyixAliOAZ8jIu/dyjUym875tAdZQ4aZA7QY8Q5XSv+77h7VU2TisNDA8UXbS9l6q0XGkB9byoqX3Lo/OpxbgCX5v6b1UI2PzH6wpH9/eOz06lgHgkaoU9VDWE9aU6ffeOz06Lg6DR6qyhpeOCLCejLyzEa/3Xo+MokDwSBWm77KTGFhXhcqAKWQGPFDW3Cv03N+2AOuqUhMgmxKBB6hy/O+7FmBdGUxU2EzsOCA8UDbe9V6ikfnYAqyvQjVRVQHhgSrU8v5bC7C+CveJZBYCuEem3Xsv0Mi4yQv2UuFG0XREgK/IyLv38oyM6TrYS4VlxRxtBr6iQvlfN//BXiqcBlAWGO5RYapO8R/YS4oC9d71kbG0CF9R4SVVtAP2VKG4mMEF3OGHlt5LMzLKdsKeKpQXd7oI7pC1995LMzJeUNhThQGGy8XgDh9aei/NyCjZCXuqUGL8cwvQMbsAkPV/2NvsfQAKAkFHeue9F2ZkrP/D3irsA3jZAtxSoVzn6xZgX9oZKCi3ZfVelpHJMURgb7NvB3zXAtwy+8au7D8A9pdS3702YFTcNApfmL0BMB0QYH9vW3ptwKjYCAi3VDieo/4/nKHCvQC59RRocva+95KMzI8twP5SjrfXBoxMihIBTYUKXY7mwBkqHDlWcRT+lJeh95KMDHCO2beOph4B0MwuzvFrC3CO7MTvtQWjougY/CkvQ+8lGZUcCwLOMfvYcUoSA83s+txu6IKzzL551L0j8KdMwfdeklFJFULgHDn102sLRiXHnoFmdg0ARwDhLDn102sLRkYtAI6Xl6D3coyMFxHO02sLRiYXE8HRZt/OZSoOzjR76dGtgBwvL0Hv5RgVlwDBmWZfCpQ7CeBosy/mcBwHzjT7+LELyDje7CJAH1qA8+Re/l6bMCqKAXG8nMHvvRyj4iWEMxl8wGSzp+EUAYIzzS4GZPmR483uALiUA840+xIyHQCOpwMAzKADAJPNvgfAvdxwph9aem3CqLiFlOPpAAAzzO4AuBCI483uALgHAM40+z4AHQCOl0p8vZdjVDIKAM7zoqXXJozKv1rgaOkF916OUXEhB5ypwkVkcLTZHYCMAoAz9dqEkYGj6QAAs/TahJEBAAAAAAAAAAAAAAAAAAAAAAAAAAAAAAAAAAAAAAAAAAAAAAAAAAAAAAAAAAAAAAAAAAAAAAAAAAAAAAAAAAAAAAAAAAAAAAAAAAAAAAAAAAAAAAAAAAAAAAAAAAAAAAAAAAAAAAAAAAAAAAAAAAAAAAAAAAAAAAAAAAAAAAAAAAAAAAAAAAAAAAAAAAAAAAAAAAAAAAAAAAAAAAAAAADY0Dff/D97gEa+fSzJ9gAAAABJRU5ErkJggg==', 1, 3),
(46, 'sami', 'Ghzail', 'ammar.hamza1995@gmail.com', '$2a$12$kg4xKCT3KmpXrHk2AHpv7edwWuvoZQZ6wuwIzW45CbUJNxLAAisYq', 'employee', 2160, 105, 'iVBORw0KGgoAAAANSUhEUgAAAgAAAAIACAYAAAD0eNT6AAAAAXNSR0IArs4c6QAAAARnQU1BAACxjwv8YQUAAAAJcEhZcwAADsMAAA7DAcdvqGQAABuhSURBVHhe7d0rlF63uQbgsMLAQEPDQMPAwELDQsNAwzDDQsNCw0BDQ8PCwMDCwNJz9KaZ1amXxnP7f+mT9DxrvTDO2LO3tq6fvgEAAAAAAAAAAAAAAAAAAAAAAAAAAAAAAAAAAAAAAAAAAAAAAAAAAAAAAAAAAAAAAAAAAAAAAAAAAAAAAAAAAAAAAAAAAAAAAAAAAAAAAAAAAAAAAAAAAAAAAAAAAAAAAAAAAAAAAAAAAAAAAAAAAAAAAAAAAAAAAAAAAAAAAAAAAAAAAAAAAAAAAAAAAAAAAAAAAAAAAAAAAAAAAAAAAADu9aLlh5YfW37u5NMD867ly//2ry35s1+2AAATvGrJBzkf5l9aPrf83+D8s+VjS36G1y3pHAAAF/CXlpvRfEbmv7X0PsaV8q+Wm1mEdFK+bQEA7pEPfj6eM0b110pmC/7ekg5BOjUAcLxMnd+M8Hsfzx2Tzk06Oens6BAAcIR88LJmnrX73sfxxKTz87cWywUAbCcb9963/N7S+wjKN9/8u+UfLZkZAIBl5VhepvdX2LxXLdlMmH0Djh0CsIRMY79p2WkT3+z82vJTy3ctAFBKPk4ZsWYau/cRk8skSwSZWQGAqfIx8uEfn3QELA8AMFw+/PkI9T5OMi45TfF9CwBcVUadPvz1ko5ATloAwEXlw+/sfv2kpoCOAADPll39qVrX+9hI3WSWxqkBAJ4ktetzHr33gZH6SdGlHMkEgAfJBr9cddv7qMh6SU0GywIA3Cl1+t+2ONK3Z1KK2X0DAPyP1J9Pxbneh0P2SZZ0cvEQAIfLiNCxvvOSZQGbBAEOlQIyRv3nJpsE3TwIcJjsDrfWL0mOeQKwuUz5f2jpfQjk3GRJwCVDAJsy5S9fS5YEUvsBgI2Y8peHJrc75kgoAAsz5S9PiSUBgIXl4//Pll4DL3Jffmtx1TDAYjJ6SwPea9hFHprsC1BGGGARGbW5xEculewdUS8AoLg01Bm19RpykedECWGAol632Okv10wuiwKgkBzz6zXYIpeOyoEARfzc0muoT02WQD615JKj/NvcJDMkP9yTFMK5/d/kCt38WfZU/G/ybwvARPlI9RroE5Kqhr+03P64X7uAze1OQuornHzMUicAYJLTpv1zrDEj8nzsK11lm3oL6RSkgt5pHQLLAQCD5SPYa5B3SqbyM8rM7vOVqtLd7hCcUIvBxkCAQXLUb+fd/plaTwdnF1k2SEdm5+OZjggCXFmK/Oz4IUnt+SxpZPS8q+xPSMcm+xZ6/wYrR7EggCvKNPhOu9Hz0cg0+YmXzmQPQ6bOd/t9ujsA4MLywdhlPTkzGNlFX2kj3yyZFfipZZeOQH63L1sAuIBdbvW7+fDvPM3/VDcdgR06efk7uEoY4AJWXzPO6DYft2uf0d9FNtSt3hHIng6/b4BnyIez18CukqzxG/E/Xj6emS1Z+bRHfvcAPEHuYV/1A5ARoA1hz5ep9I8tvX/jFZJ6CAA8QkbNK04DZ50/x/m4rHxIV9womOfBfgCAR1hx3T/Fbkz3X0+WBVJ6t/dvXzn2AwA80Grr/hnlmeodJ0tDq80G2A8AcI/V1v0zujPFO15mWlbbG6CTCHCH1db9czOfqd25clKg97upGPsBAO6QS3B6DWe1pCHf6bKe1eWyoVWWBDJjBMAtuUil12BWS2YolHqtJ2WVV6kW6ZQIwJ8yjb7C1H8+MHb515XnaIV9AZlBcg8EQLPCOm4+LNb715DjmL3fYaXkZwQ4WqbTq+/6T2Pt47+WFeoFZO8CwLGqT9nmQ8Kastbe+51WSZaUdCyBI2Unfa9hrJIsTbC23CzY+91WydsWgKNkM13lo1tG/vuo3AnI8pfaAMBRUhq11yBWiA1a+6m80TT3XgAcIdfk9hrCCrHbf1+p3Nj7nVeIMsHAEare9GdT1v6qVpvMswewtaqj/xQiUuRnf+ngVT15YhYA2FrF0b9LWs6STsCvLb1nYWbMAgDbqjr6N/I6T9UCVJ5FYEsVR/85jcCZKh4PNAsAbCcjrl6DNzO5mtWmv7NV3BSYmzEBtlHt3L91fyIbP6vdRKkuALCNXH1abb3VWis3XrVUez6zXwZgedVG/ykIA7elJn/vWZkVswDA8qqN/nP/gPP+fCl7QbIBr/fMzIpZAGBpP7X0GrdZyc5v6Mn9/L1nZlacUAGWVmlU9akFvqbSqYDMVjmlAiypUuGfLEOYUuU+WbLKCZHeMzQjNqsCS8qd+r1GbUZMp/JQlZatMiMBsJxMYfYatdExlcpjVVm6ysyVTavAUlLNrNegzUhGdPAYmXrvPUsz8qYFYBn/aOk1ZqNj9M9TVZkFsHkVWEY+uFXO/hv981SVZgGUrQaWUOWWNaN/nqvKLMDPLQDlZcqy14iNjtE/z1VlFiAXFgGUlh3LvQZsdOye5lKqnGZRxwIorcqIybl/LqVKXQAzWkBpVW7+S0U3uITsI6lQHdANgUBpFTZNOTbFpVU41ppOCEBJVdb/3fjHpVW5KdA+AKCkCuv/2fzn6B/XkJ34vWduZOwDAEqqsP7v8hSupcLlVvYBACVVWP/PHQRwDS9bes/cyNgHAJRTYf0/57Xhmj639J69kbEPACilwvr/+xa4prctvWdvZOwDAEqpsP6fTghcU0bfvWdvZOwDAEqpMDWq9C8jzC4KZKkLKGV2o5gNiDBCRuC9Z3BkdHaBEipsAFT7n1Eq3A1gIyBQwquWXiM1Mtb/GaXCPoDXLQDTvWnpNVIjY0qUkWYveaUoEcB0s08AWP9ntNn7AJwEAEr42NJrpEbF+X9Gm10P4NcWgOnSGPUaqVFRGIXRZhe+yqVXAFPl5r1eAzUyNgAyWoWNgLmbAGAaDSEn0vEFjpfjSL3GaWTSGMNoqcjXex5HJfsQAKb5W0uvcRoVm6GYZfbm159bAKZJI9RrnEYljTDMkNMnvWdyVP7RAjDN7A6AEsDMMrsksA4AMNXsIkCmQZll9vKXYkDAVBmF9BqnUUkjDDP80NJ7JkflUwvANDoAnEoHADhaGqFe4zQqzkIzy+waGL+1AEwzuwOQURjM8KKl90yOig4AMFVu4us1TqPyqgVm+K6l90yOSq4kBpgmo5Be4zQqGYXBLL1ncmQAptEB4GS9Z3JkAKaZXQ8907AwS++ZHBmAacwAcLLeMzkyANPM7gDkKBbM8G1L75kcGYBpchtfr2EaFccAmWX2McB/twBMM7sOwI8tMMPLlt4zOSrqAABTze4AKAXMLLNLAesAAFPpAHAqHQDgaB9aeo3TqLxtgRlet/SeyVH53AIwzfuWXuM0Ku9aYIY3Lb1nclQ+tgBM83NLr3EalV9aYIa/t/SeyVHJVdwA08weBeUyIpghnc/eMzkqZr+AqXIff69xGhVnoZlldg2Mn1oAppm9EzpRDpgZes/iyDgBA0w1uxpaohgQo80uApSogglMVaEeevYhwEjpdPaexZFJJwRgqtlXAmc3NoyU9ffeszgyf2kBmCrnkXsN1KikGiGMlCN4vWdxVLIBEWC62eehcxLAaIiRZl+Drf4FUMLsWgCJDVGMUmHjqxoAQAmvWnqN1MikIiGMkON3vWdwZHIPAcB0FU4C2AfAKLPX/5PvWwBKmL0mah8Ao3jWAW6ZXRc9sQ+Aa6uw/u/+C6CUCuei7QPg2iqs/6t7AZSSNcleYzUyRkZcW4WZrlzABVBG1iSzNtlrsEZGeVSuJZtdKzzjLr8CyslO/F6DNTLOR3MtFepdZAMiQDlZg+81WiOTewngGj639J65kckRRIBysgu/12iNjtMAXFqF3f9JNiEClJN9AL+39BqukTFK4tIqzG4l1v+BsirsklYohUubXfwnccoFKK3COelErXQupcrSlvP/QGnftfQar9ExWuJSKsxqJfa2AOXl49trwEZHwRSeq0KBq8SyFrCEKhumzALwXFVG//k5AMpLNb5eIzYjZgF4qiqj/8SeFmAZVZYBzALwVFVG/zlaa/ofWMbbll5jNiNmAXisSqN/dS2ApVQ5DZCYBeCxqoz+E7v/geV8bOk1aDOSi1zgIX5s6T1DM+LyH2BJVYoCJbkkKLMS8DVZa/+1pfcMzUhO1AAsJ41phfvTb/K+Bb6myhHWm+i0AstK+dJewzYrr1qgJxftVOqwOvsPLK1STYDEhkDuUmnjX2LzH7C8ag3rTy1wW46K9p6VWdFRBbZQrXHNNG9mJiCyzp5Nor1nZVacWgG2UWlndZKfR3U14lNL7xmZlXRGPJvANjLt3mvsZkaFNart+k/c+w9sJSOaatOsSWoVcKacCKm06z/Jz+PoH7CdirMA9gOc6duWVNnrPRMzY/QPbKnqLID9AOepdjIlMfoHtlZxFiDJvQWcoeK6f2L0D2yt6ixAYlPg/qp2QI3+gSPkjHOvEawQl6/sq9LlVF/mXQvAET639BrCClGEZT+54rfajv+bZDOiPSjAMb5vqdogJ6leyB6qP2vpnAAcJdOevQaxQvLB0DCvLx//31t6v+MK+dACcJxMe1Y8i30TnYC1Vf/45/my8Q84Vj6wvcaxUlQLXE/lNf+buJUSOF6mQXsNZKW8bWEN6bBV//i77hegyTRo5anamziqVV/lI6a3k+UJAJpVGm7FguqqWuHvy6j4B/CFyrUBbic/p81bdeRin4q1/Xtx1z9AR/Xz2reTJQsnBObLlb6VT5J8GfUlAO5QuTZAL/l5jejmyMbMVTqMSWYpALhDPqarLAXcJD/vixbGyJR/bm/s/S6qJrMUlo0A7pGPadUbA+9KlgTUC7i+LLus9mxklsKuf4AH+qFlpendm3xqednCZWX0vMpGvy/zugWAR6h6d/tDYm/A5ay21n87jvwBPFHO3fca1hWSqWq7vp8us0C/tvT+bVdI9ikA8EQrbgr8MvkQWAN+uOwBWaE89NeSTX/ZrAjAM6y4KbCXdAQyqqUvnaSVZ3xukg2h9oEAXEgKvqy6DvxlslFQR+C/8uFfdYNfL5Z9AC5slfsCHprcCHfyxyKdup0+/EnuIwDgCt639BrelZP14pwaOGHaOMf5crpj5c19d0WlP4AryqbA1arAPSaZFchMx05V4/I7S5Gk3X9vjn0CXNnunYCbZESZD+eKZYazAz7LG9nUt8vejbuSj78d/wCDnNIJuEmWCfIxTVW5irMDNx/8FL7JB7H3d9gxPv4AE5zWCbidrKFnP0TW03OiYGSnIB+8/D+zVHHaB/92Up/Cxx9gkpM7Ab3ko5Slg+xGz/JBPtQ3eUgn4ebjfpPMOOTPSmGeHF/s/T9PTJ45a/4Ak6Uh3qGAjKwRH3+AYnQC5Nrx8QcoSidArhUff4DidALk0vHxB1iEToBcKj7+AIvJEbndi9DIdaO2P8CicuHMDlcJy9jkSt8fWwBYWM62Zxq319CLfJnUUlix/DIAd8h0bq/BF7lJKhta7wfYUKrbZXq31/jLuckzkaqHAGwsJXEzzdv7EMh5yb0KL1sAOECmeTPd2/sgyDnJHQem/AEOlCtsLQmclxwPzW2GABwqR71Ovc725PzWkjoRRv8Ah8mGLx9+yexPToe41x9gYxnt5Y78jP56HwM5N1kSyJ6QbBAFYBMZ3WW6V0VAeUhyj4RCQAALy2gu07s2+clT8kvL9y0ALCIj/nctLgKSSyQdATMCAMXlaJepfrlGskfAZkGAYlLi165+uXaynJT9JABMlhKumaLtNdYi10rKB7suGGCCTMUq5Suz86nFRkGAQTIFa2e/VMr7FjUEAK4k0/1u8ZOqSac0haYAuKC3LY71yQr52GI2AOCZjPplxZgNAHii1O1PMZ9e4yqySswGADzCq5Ycs+o1qCKrxWwAwD2M+mXnmA0A6Mhav0p+snsyG/DXFgCaNIjO9ctJyUwXwLEy5a+a32XyW0uq0t0kd9rnKuTbSUcrdyZ8LSlv++V/lyI3t/9s+zMuk/xbulwIOE7WQh3ve1wyS5KPRj7I+TDnYz2zDG3+3+k05GdJRy4/m5sYH5f8e2XTK8AR8tEw5X93Mpr/0JIP682ofTX5qOVnz98hsxFmDe5OCly5YRDYXj4IvUbw5GQUmA9+joq9aNlVZn1et6RDkE5O79/i5OQZyLIYwFay1pljUL2G77Rk9iNXGGfUl9MPp0pn501LPnyWDv6TzJSc/EwAm0mDdvKIL1O86fzkPgPrvXfLnoJ0itI5Ovneh3QQs78DYGknr/dnk2NGuHZ6P16mwrMkcuqsUTpAqgcCy8p672kjucx0ZJ/Dzmv5o2XvQGYGTtxImGcJYClpsHsN2o7JDEc2tpnev74sJ+XI4Ul7BvJsASzhlOI+WavOLIed23NknTwfxxNmmbIU4jkDykoDlR3dvQZsl2S0n2lZl7rUkecuM067zwrkrgz7SYBy0jClElyv4doh+bjkw68Bri0b53Y+cZK/m2OCQBnZ8LbrBq18+DO6NP26lnQEdr1dMrNQM0tAA/whH/8dR1z5O+Uj4sO/tpQj3rEjoBMATLXjxz8zGc5f7yf1KHZbotIJAKbIWvhOH/98+DNaZG+7dQR0AoCh8vHfZVo1R8hSotdU/1lyfHOXUwM6AcAQO338c47fcb5z5Vl+19J7NlZLZuNUnwSuZpePf6b7XbbCjYyec29D71lZKToBwFXs8PE33c/XZPPn6ssCOgHARe3w8U8pVQ0j98mzvnopa50A4GJWvpI1jaHpfh5r9WWBdNjTmQF4svctvQZmheSiGNP9PEfKP/eerRWSjjvAk6x6pW/W+hXz4VJSO2DVvQFZzgB4lEyb9xqU6skOf5elcGk5LrpqAaF05AEeJB/QFBfpNSaVY8qfa1t1ScA+GOBeGelk41yvEakaU/6MtOKSgGqBwFdl9LzazmdT/syw4pJAOvYqXwJdH1p6DUfVmPJnttWWBNLB984A/yMV8noNRtW8aYEKsr6eZajec1oxuQMD4A9Z0+w1FBWThtaGJqrJ+vpKG2edDAD+WBNcZUNTGthXLVBRyu+usoE2HWnvEhxulTK/aVjtYqa6dKhXuTcjG2jtB4BDrVLpLw2Vy01YRWrwr3JCIBtpgcNk+m+FjUsuNWFFGVmvcqpGDQ04SBqnFdYqszxhipKVrXCZVgYCamnAITLt12sIKsUZf3axQq0A9QHgAJnu6zUAlWJdkt2s8N65ORA2lmm+6uv+Pv7saoViW39tATZU/XiSNX92966l9+xXSWqCuC8ANlP9yF86Jz7+nKD6HhyzcLCR9OgrT/3nnL+jfpwiHd3qBbhSHhzYQC7/6L3kFZLjiIr8cJp0Aipfva1KIGwgm3p6L3iFpLa/88ecKrNe+dD23o0KyfFFYFHpwVe96MdlJFD7AiEFgmBhOdfbe7FnJw2LK33hP/KRrXqVcO40ABaTm/N6L3SFvGkB/qvy3RzuCoDFVD3z74gR9FU9qqs2ACykasUxO4vh66qe2NFxhwVUPfNvQxHcLycDqm4KzLIiUFjVjX/WEeFhqu4HyOwEUFTV0b/pQ3icqvsBVAiEoiqO/q37w9NU3A+QzcVAMRWP/Vn3h6fLjF7FQl6uDIZiKo4WrPvD82TKvfduzYxZACik4ujfuj9cRmry996xmTELAEVUG/1b94fLSkne3rs2K95xKKDibX/q/MNlZZav2gmfnFQAJqpW8tdZYbiOdy29d25WskHRLABMUm30nxGKmuFwHfnYVjsVYBYAJvnY0nspZ0VjANdVrdOfvQDAYNV2/mcpwnQgXF+1Tb9OBMBg71t6L+OsKBEKY7xoqbQhMDORwCDVav5/aAHGqXblt5sCYZBKhUFs/IPxstyW9ffeOzkjCn/BANV2Atv4B3Ok3kbvnZwRAwEYIPX1ey/gjNj4B3Nl+a33bs5IZiaBK6pU+MfuX5ir0n4ghYHgiipN+bkRDGqodCLoTQtwBZXO/xr9Qw2VaoIYGMAVZKqv98LNiJccaqk0OHjVAlxQdtv3XrYZed0C1FFpFuDvLcAFfW7pvWyjY6MP1FRlFiBtBHAhL1t6L9qMOPcPNVWaBciGZeACqlT+M/qH2qrMAqgMCBfyW0vvJRsdo3+orcp1walNYLAAz5Qdtb0XbHSM/mENVYqF2SwMz1SlyIfRP6yhyixAliOAZ8jIu/dyjUym875tAdZQ4aZA7QY8Q5XSv+77h7VU2TisNDA8UXbS9l6q0XGkB9byoqX3Lo/OpxbgCX5v6b1UI2PzH6wpH9/eOz06lgHgkaoU9VDWE9aU6ffeOz06Lg6DR6qyhpeOCLCejLyzEa/3Xo+MokDwSBWm77KTGFhXhcqAKWQGPFDW3Cv03N+2AOuqUhMgmxKBB6hy/O+7FmBdGUxU2EzsOCA8UDbe9V6ikfnYAqyvQjVRVQHhgSrU8v5bC7C+CveJZBYCuEem3Xsv0Mi4yQv2UuFG0XREgK/IyLv38oyM6TrYS4VlxRxtBr6iQvlfN//BXiqcBlAWGO5RYapO8R/YS4oC9d71kbG0CF9R4SVVtAP2VKG4mMEF3OGHlt5LMzLKdsKeKpQXd7oI7pC1995LMzJeUNhThQGGy8XgDh9aei/NyCjZCXuqUGL8cwvQMbsAkPV/2NvsfQAKAkFHeue9F2ZkrP/D3irsA3jZAtxSoVzn6xZgX9oZKCi3ZfVelpHJMURgb7NvB3zXAtwy+8au7D8A9pdS3702YFTcNApfmL0BMB0QYH9vW3ptwKjYCAi3VDieo/4/nKHCvQC59RRocva+95KMzI8twP5SjrfXBoxMihIBTYUKXY7mwBkqHDlWcRT+lJeh95KMDHCO2beOph4B0MwuzvFrC3CO7MTvtQWjougY/CkvQ+8lGZUcCwLOMfvYcUoSA83s+txu6IKzzL551L0j8KdMwfdeklFJFULgHDn102sLRiXHnoFmdg0ARwDhLDn102sLRkYtAI6Xl6D3coyMFxHO02sLRiYXE8HRZt/OZSoOzjR76dGtgBwvL0Hv5RgVlwDBmWZfCpQ7CeBosy/mcBwHzjT7+LELyDje7CJAH1qA8+Re/l6bMCqKAXG8nMHvvRyj4iWEMxl8wGSzp+EUAYIzzS4GZPmR483uALiUA840+xIyHQCOpwMAzKADAJPNvgfAvdxwph9aem3CqLiFlOPpAAAzzO4AuBCI483uALgHAM40+z4AHQCOl0p8vZdjVDIKAM7zoqXXJozKv1rgaOkF916OUXEhB5ypwkVkcLTZHYCMAoAz9dqEkYGj6QAAs/TahJEBAAAAAAAAAAAAAAAAAAAAAAAAAAAAAAAAAAAAAAAAAAAAAAAAAAAAAAAAAAAAAAAAAAAAAAAAAAAAAAAAAAAAAAAAAAAAAAAAAAAAAAAAAAAAAAAAAAAAAAAAAAAAAAAAAAAAAAAAAAAAAAAAAAAAAAAAAAAAAAAAAAAAAAAAAAAAAAAAAAAAAAAAAAAAAAAAAAAAAAAAAAAAAAAAAADY0Dff/D97gEa+fSzJ9gAAAABJRU5ErkJggg==', 1, 3),
(49, 'Ahmed', 'Ben Romdhane', 'ahmedbenromdhane@gmail.com', '$2a$12$a6RbE9Di0b.TdpYctXspSeEz/y8EsLQIsWQZ8wrgrPfdJz0zGCGjS', 'employee', 220, 0, 'iVBORw0KGgoAAAANSUhEUgAAAgAAAAIACAYAAAD0eNT6AAAAAXNSR0IArs4c6QAAAARnQU1BAACxjwv8YQUAAAAJcEhZcwAADsMAAA7DAcdvqGQAABuhSURBVHhe7d0rlF63uQbgsMLAQEPDQMPAwELDQsNAwzDDQsNCw0BDQ8PCwMDCwNJz9KaZ1amXxnP7f+mT9DxrvTDO2LO3tq6fvgEAAAAAAAAAAAAAAAAAAAAAAAAAAAAAAAAAAAAAAAAAAAAAAAAAAAAAAAAAAAAAAAAAAAAAAAAAAAAAAAAAAAAAAAAAAAAAAAAAAAAAAAAAAAAAAAAAAAAAAAAAAAAAAAAAAAAAAAAAAAAAAAAAAAAAAAAAAAAAAAAAAAAAAAAAAAAAAAAAAAAAAAAAAAAAAAAAAAAAAAAAAAAAAAAAAADu9aLlh5YfW37u5NMD867ly//2ry35s1+2AAATvGrJBzkf5l9aPrf83+D8s+VjS36G1y3pHAAAF/CXlpvRfEbmv7X0PsaV8q+Wm1mEdFK+bQEA7pEPfj6eM0b110pmC/7ekg5BOjUAcLxMnd+M8Hsfzx2Tzk06Oens6BAAcIR88LJmnrX73sfxxKTz87cWywUAbCcb9963/N7S+wjKN9/8u+UfLZkZAIBl5VhepvdX2LxXLdlMmH0Djh0CsIRMY79p2WkT3+z82vJTy3ctAFBKPk4ZsWYau/cRk8skSwSZWQGAqfIx8uEfn3QELA8AMFw+/PkI9T5OMi45TfF9CwBcVUadPvz1ko5ATloAwEXlw+/sfv2kpoCOAADPll39qVrX+9hI3WSWxqkBAJ4ktetzHr33gZH6SdGlHMkEgAfJBr9cddv7qMh6SU0GywIA3Cl1+t+2ONK3Z1KK2X0DAPyP1J9Pxbneh0P2SZZ0cvEQAIfLiNCxvvOSZQGbBAEOlQIyRv3nJpsE3TwIcJjsDrfWL0mOeQKwuUz5f2jpfQjk3GRJwCVDAJsy5S9fS5YEUvsBgI2Y8peHJrc75kgoAAsz5S9PiSUBgIXl4//Pll4DL3Jffmtx1TDAYjJ6SwPea9hFHprsC1BGGGARGbW5xEculewdUS8AoLg01Bm19RpykedECWGAol632Okv10wuiwKgkBzz6zXYIpeOyoEARfzc0muoT02WQD615JKj/NvcJDMkP9yTFMK5/d/kCt38WfZU/G/ybwvARPlI9RroE5Kqhr+03P64X7uAze1OQuornHzMUicAYJLTpv1zrDEj8nzsK11lm3oL6RSkgt5pHQLLAQCD5SPYa5B3SqbyM8rM7vOVqtLd7hCcUIvBxkCAQXLUb+fd/plaTwdnF1k2SEdm5+OZjggCXFmK/Oz4IUnt+SxpZPS8q+xPSMcm+xZ6/wYrR7EggCvKNPhOu9Hz0cg0+YmXzmQPQ6bOd/t9ujsA4MLywdhlPTkzGNlFX2kj3yyZFfipZZeOQH63L1sAuIBdbvW7+fDvPM3/VDcdgR06efk7uEoY4AJWXzPO6DYft2uf0d9FNtSt3hHIng6/b4BnyIez18CukqzxG/E/Xj6emS1Z+bRHfvcAPEHuYV/1A5ARoA1hz5ep9I8tvX/jFZJ6CAA8QkbNK04DZ50/x/m4rHxIV9womOfBfgCAR1hx3T/Fbkz3X0+WBVJ6t/dvXzn2AwA80Grr/hnlmeodJ0tDq80G2A8AcI/V1v0zujPFO15mWlbbG6CTCHCH1db9czOfqd25clKg97upGPsBAO6QS3B6DWe1pCHf6bKe1eWyoVWWBDJjBMAtuUil12BWS2YolHqtJ2WVV6kW6ZQIwJ8yjb7C1H8+MHb515XnaIV9AZlBcg8EQLPCOm4+LNb715DjmL3fYaXkZwQ4WqbTq+/6T2Pt47+WFeoFZO8CwLGqT9nmQ8Kastbe+51WSZaUdCyBI2Unfa9hrJIsTbC23CzY+91WydsWgKNkM13lo1tG/vuo3AnI8pfaAMBRUhq11yBWiA1a+6m80TT3XgAcIdfk9hrCCrHbf1+p3Nj7nVeIMsHAEare9GdT1v6qVpvMswewtaqj/xQiUuRnf+ngVT15YhYA2FrF0b9LWs6STsCvLb1nYWbMAgDbqjr6N/I6T9UCVJ5FYEsVR/85jcCZKh4PNAsAbCcjrl6DNzO5mtWmv7NV3BSYmzEBtlHt3L91fyIbP6vdRKkuALCNXH1abb3VWis3XrVUez6zXwZgedVG/ykIA7elJn/vWZkVswDA8qqN/nP/gPP+fCl7QbIBr/fMzIpZAGBpP7X0GrdZyc5v6Mn9/L1nZlacUAGWVmlU9akFvqbSqYDMVjmlAiypUuGfLEOYUuU+WbLKCZHeMzQjNqsCS8qd+r1GbUZMp/JQlZatMiMBsJxMYfYatdExlcpjVVm6ysyVTavAUlLNrNegzUhGdPAYmXrvPUsz8qYFYBn/aOk1ZqNj9M9TVZkFsHkVWEY+uFXO/hv981SVZgGUrQaWUOWWNaN/nqvKLMDPLQDlZcqy14iNjtE/z1VlFiAXFgGUlh3LvQZsdOye5lKqnGZRxwIorcqIybl/LqVKXQAzWkBpVW7+S0U3uITsI6lQHdANgUBpFTZNOTbFpVU41ppOCEBJVdb/3fjHpVW5KdA+AKCkCuv/2fzn6B/XkJ34vWduZOwDAEqqsP7v8hSupcLlVvYBACVVWP/PHQRwDS9bes/cyNgHAJRTYf0/57Xhmj639J69kbEPACilwvr/+xa4prctvWdvZOwDAEqpsP6fTghcU0bfvWdvZOwDAEqpMDWq9C8jzC4KZKkLKGV2o5gNiDBCRuC9Z3BkdHaBEipsAFT7n1Eq3A1gIyBQwquWXiM1Mtb/GaXCPoDXLQDTvWnpNVIjY0qUkWYveaUoEcB0s08AWP9ntNn7AJwEAEr42NJrpEbF+X9Gm10P4NcWgOnSGPUaqVFRGIXRZhe+yqVXAFPl5r1eAzUyNgAyWoWNgLmbAGAaDSEn0vEFjpfjSL3GaWTSGMNoqcjXex5HJfsQAKb5W0uvcRoVm6GYZfbm159bAKZJI9RrnEYljTDMkNMnvWdyVP7RAjDN7A6AEsDMMrsksA4AMNXsIkCmQZll9vKXYkDAVBmF9BqnUUkjDDP80NJ7JkflUwvANDoAnEoHADhaGqFe4zQqzkIzy+waGL+1AEwzuwOQURjM8KKl90yOig4AMFVu4us1TqPyqgVm+K6l90yOSq4kBpgmo5Be4zQqGYXBLL1ncmQAptEB4GS9Z3JkAKaZXQ8907AwS++ZHBmAacwAcLLeMzkyANPM7gDkKBbM8G1L75kcGYBpchtfr2EaFccAmWX2McB/twBMM7sOwI8tMMPLlt4zOSrqAABTze4AKAXMLLNLAesAAFPpAHAqHQDgaB9aeo3TqLxtgRlet/SeyVH53AIwzfuWXuM0Ku9aYIY3Lb1nclQ+tgBM83NLr3EalV9aYIa/t/SeyVHJVdwA08weBeUyIpghnc/eMzkqZr+AqXIff69xGhVnoZlldg2Mn1oAppm9EzpRDpgZes/iyDgBA0w1uxpaohgQo80uApSogglMVaEeevYhwEjpdPaexZFJJwRgqtlXAmc3NoyU9ffeszgyf2kBmCrnkXsN1KikGiGMlCN4vWdxVLIBEWC62eehcxLAaIiRZl+Drf4FUMLsWgCJDVGMUmHjqxoAQAmvWnqN1MikIiGMkON3vWdwZHIPAcB0FU4C2AfAKLPX/5PvWwBKmL0mah8Ao3jWAW6ZXRc9sQ+Aa6uw/u/+C6CUCuei7QPg2iqs/6t7AZSSNcleYzUyRkZcW4WZrlzABVBG1iSzNtlrsEZGeVSuJZtdKzzjLr8CyslO/F6DNTLOR3MtFepdZAMiQDlZg+81WiOTewngGj639J65kckRRIBysgu/12iNjtMAXFqF3f9JNiEClJN9AL+39BqukTFK4tIqzG4l1v+BsirsklYohUubXfwnccoFKK3COelErXQupcrSlvP/QGnftfQar9ExWuJSKsxqJfa2AOXl49trwEZHwRSeq0KBq8SyFrCEKhumzALwXFVG//k5AMpLNb5eIzYjZgF4qiqj/8SeFmAZVZYBzALwVFVG/zlaa/ofWMbbll5jNiNmAXisSqN/dS2ApVQ5DZCYBeCxqoz+E7v/geV8bOk1aDOSi1zgIX5s6T1DM+LyH2BJVYoCJbkkKLMS8DVZa/+1pfcMzUhO1AAsJ41phfvTb/K+Bb6myhHWm+i0AstK+dJewzYrr1qgJxftVOqwOvsPLK1STYDEhkDuUmnjX2LzH7C8ag3rTy1wW46K9p6VWdFRBbZQrXHNNG9mJiCyzp5Nor1nZVacWgG2UWlndZKfR3U14lNL7xmZlXRGPJvANjLt3mvsZkaFNart+k/c+w9sJSOaatOsSWoVcKacCKm06z/Jz+PoH7CdirMA9gOc6duWVNnrPRMzY/QPbKnqLID9AOepdjIlMfoHtlZxFiDJvQWcoeK6f2L0D2yt6ixAYlPg/qp2QI3+gSPkjHOvEawQl6/sq9LlVF/mXQvAET639BrCClGEZT+54rfajv+bZDOiPSjAMb5vqdogJ6leyB6qP2vpnAAcJdOevQaxQvLB0DCvLx//31t6v+MK+dACcJxMe1Y8i30TnYC1Vf/45/my8Q84Vj6wvcaxUlQLXE/lNf+buJUSOF6mQXsNZKW8bWEN6bBV//i77hegyTRo5anamziqVV/lI6a3k+UJAJpVGm7FguqqWuHvy6j4B/CFyrUBbic/p81bdeRin4q1/Xtx1z9AR/Xz2reTJQsnBObLlb6VT5J8GfUlAO5QuTZAL/l5jejmyMbMVTqMSWYpALhDPqarLAXcJD/vixbGyJR/bm/s/S6qJrMUlo0A7pGPadUbA+9KlgTUC7i+LLus9mxklsKuf4AH+qFlpendm3xqednCZWX0vMpGvy/zugWAR6h6d/tDYm/A5ay21n87jvwBPFHO3fca1hWSqWq7vp8us0C/tvT+bVdI9ikA8EQrbgr8MvkQWAN+uOwBWaE89NeSTX/ZrAjAM6y4KbCXdAQyqqUvnaSVZ3xukg2h9oEAXEgKvqy6DvxlslFQR+C/8uFfdYNfL5Z9AC5slfsCHprcCHfyxyKdup0+/EnuIwDgCt639BrelZP14pwaOGHaOMf5crpj5c19d0WlP4AryqbA1arAPSaZFchMx05V4/I7S5Gk3X9vjn0CXNnunYCbZESZD+eKZYazAz7LG9nUt8vejbuSj78d/wCDnNIJuEmWCfIxTVW5irMDNx/8FL7JB7H3d9gxPv4AE5zWCbidrKFnP0TW03OiYGSnIB+8/D+zVHHaB/92Up/Cxx9gkpM7Ab3ko5Slg+xGz/JBPtQ3eUgn4ebjfpPMOOTPSmGeHF/s/T9PTJ45a/4Ak6Uh3qGAjKwRH3+AYnQC5Nrx8QcoSidArhUff4DidALk0vHxB1iEToBcKj7+AIvJEbndi9DIdaO2P8CicuHMDlcJy9jkSt8fWwBYWM62Zxq319CLfJnUUlix/DIAd8h0bq/BF7lJKhta7wfYUKrbZXq31/jLuckzkaqHAGwsJXEzzdv7EMh5yb0KL1sAOECmeTPd2/sgyDnJHQem/AEOlCtsLQmclxwPzW2GABwqR71Ovc725PzWkjoRRv8Ah8mGLx9+yexPToe41x9gYxnt5Y78jP56HwM5N1kSyJ6QbBAFYBMZ3WW6V0VAeUhyj4RCQAALy2gu07s2+clT8kvL9y0ALCIj/nctLgKSSyQdATMCAMXlaJepfrlGskfAZkGAYlLi165+uXaynJT9JABMlhKumaLtNdYi10rKB7suGGCCTMUq5Suz86nFRkGAQTIFa2e/VMr7FjUEAK4k0/1u8ZOqSac0haYAuKC3LY71yQr52GI2AOCZjPplxZgNAHii1O1PMZ9e4yqySswGADzCq5Ycs+o1qCKrxWwAwD2M+mXnmA0A6Mhav0p+snsyG/DXFgCaNIjO9ctJyUwXwLEy5a+a32XyW0uq0t0kd9rnKuTbSUcrdyZ8LSlv++V/lyI3t/9s+zMuk/xbulwIOE7WQh3ve1wyS5KPRj7I+TDnYz2zDG3+3+k05GdJRy4/m5sYH5f8e2XTK8AR8tEw5X93Mpr/0JIP682ofTX5qOVnz98hsxFmDe5OCly5YRDYXj4IvUbw5GQUmA9+joq9aNlVZn1et6RDkE5O79/i5OQZyLIYwFay1pljUL2G77Rk9iNXGGfUl9MPp0pn501LPnyWDv6TzJSc/EwAm0mDdvKIL1O86fzkPgPrvXfLnoJ0itI5Ovneh3QQs78DYGknr/dnk2NGuHZ6P16mwrMkcuqsUTpAqgcCy8p672kjucx0ZJ/Dzmv5o2XvQGYGTtxImGcJYClpsHsN2o7JDEc2tpnev74sJ+XI4Ul7BvJsASzhlOI+WavOLIed23NknTwfxxNmmbIU4jkDykoDlR3dvQZsl2S0n2lZl7rUkecuM067zwrkrgz7SYBy0jClElyv4doh+bjkw68Bri0b53Y+cZK/m2OCQBnZ8LbrBq18+DO6NP26lnQEdr1dMrNQM0tAA/whH/8dR1z5O+Uj4sO/tpQj3rEjoBMATLXjxz8zGc5f7yf1KHZbotIJAKbIWvhOH/98+DNaZG+7dQR0AoCh8vHfZVo1R8hSotdU/1lyfHOXUwM6AcAQO338c47fcb5z5Vl+19J7NlZLZuNUnwSuZpePf6b7XbbCjYyec29D71lZKToBwFXs8PE33c/XZPPn6ssCOgHARe3w8U8pVQ0j98mzvnopa50A4GJWvpI1jaHpfh5r9WWBdNjTmQF4svctvQZmheSiGNP9PEfKP/eerRWSjjvAk6x6pW/W+hXz4VJSO2DVvQFZzgB4lEyb9xqU6skOf5elcGk5LrpqAaF05AEeJB/QFBfpNSaVY8qfa1t1ScA+GOBeGelk41yvEakaU/6MtOKSgGqBwFdl9LzazmdT/syw4pJAOvYqXwJdH1p6DUfVmPJnttWWBNLB984A/yMV8noNRtW8aYEKsr6eZajec1oxuQMD4A9Z0+w1FBWThtaGJqrJ+vpKG2edDAD+WBNcZUNTGthXLVBRyu+usoE2HWnvEhxulTK/aVjtYqa6dKhXuTcjG2jtB4BDrVLpLw2Vy01YRWrwr3JCIBtpgcNk+m+FjUsuNWFFGVmvcqpGDQ04SBqnFdYqszxhipKVrXCZVgYCamnAITLt12sIKsUZf3axQq0A9QHgAJnu6zUAlWJdkt2s8N65ORA2lmm+6uv+Pv7saoViW39tATZU/XiSNX92966l9+xXSWqCuC8ANlP9yF86Jz7+nKD6HhyzcLCR9OgrT/3nnL+jfpwiHd3qBbhSHhzYQC7/6L3kFZLjiIr8cJp0Aipfva1KIGwgm3p6L3iFpLa/88ecKrNe+dD23o0KyfFFYFHpwVe96MdlJFD7AiEFgmBhOdfbe7FnJw2LK33hP/KRrXqVcO40ABaTm/N6L3SFvGkB/qvy3RzuCoDFVD3z74gR9FU9qqs2ACykasUxO4vh66qe2NFxhwVUPfNvQxHcLycDqm4KzLIiUFjVjX/WEeFhqu4HyOwEUFTV0b/pQ3icqvsBVAiEoiqO/q37w9NU3A+QzcVAMRWP/Vn3h6fLjF7FQl6uDIZiKo4WrPvD82TKvfduzYxZACik4ujfuj9cRmry996xmTELAEVUG/1b94fLSkne3rs2K95xKKDibX/q/MNlZZav2gmfnFQAJqpW8tdZYbiOdy29d25WskHRLABMUm30nxGKmuFwHfnYVjsVYBYAJvnY0nspZ0VjANdVrdOfvQDAYNV2/mcpwnQgXF+1Tb9OBMBg71t6L+OsKBEKY7xoqbQhMDORwCDVav5/aAHGqXblt5sCYZBKhUFs/IPxstyW9ffeOzkjCn/BANV2Atv4B3Ok3kbvnZwRAwEYIPX1ey/gjNj4B3Nl+a33bs5IZiaBK6pU+MfuX5ir0n4ghYHgiipN+bkRDGqodCLoTQtwBZXO/xr9Qw2VaoIYGMAVZKqv98LNiJccaqk0OHjVAlxQdtv3XrYZed0C1FFpFuDvLcAFfW7pvWyjY6MP1FRlFiBtBHAhL1t6L9qMOPcPNVWaBciGZeACqlT+M/qH2qrMAqgMCBfyW0vvJRsdo3+orcp1walNYLAAz5Qdtb0XbHSM/mENVYqF2SwMz1SlyIfRP6yhyixAliOAZ8jIu/dyjUym875tAdZQ4aZA7QY8Q5XSv+77h7VU2TisNDA8UXbS9l6q0XGkB9byoqX3Lo/OpxbgCX5v6b1UI2PzH6wpH9/eOz06lgHgkaoU9VDWE9aU6ffeOz06Lg6DR6qyhpeOCLCejLyzEa/3Xo+MokDwSBWm77KTGFhXhcqAKWQGPFDW3Cv03N+2AOuqUhMgmxKBB6hy/O+7FmBdGUxU2EzsOCA8UDbe9V6ikfnYAqyvQjVRVQHhgSrU8v5bC7C+CveJZBYCuEem3Xsv0Mi4yQv2UuFG0XREgK/IyLv38oyM6TrYS4VlxRxtBr6iQvlfN//BXiqcBlAWGO5RYapO8R/YS4oC9d71kbG0CF9R4SVVtAP2VKG4mMEF3OGHlt5LMzLKdsKeKpQXd7oI7pC1995LMzJeUNhThQGGy8XgDh9aei/NyCjZCXuqUGL8cwvQMbsAkPV/2NvsfQAKAkFHeue9F2ZkrP/D3irsA3jZAtxSoVzn6xZgX9oZKCi3ZfVelpHJMURgb7NvB3zXAtwy+8au7D8A9pdS3702YFTcNApfmL0BMB0QYH9vW3ptwKjYCAi3VDieo/4/nKHCvQC59RRocva+95KMzI8twP5SjrfXBoxMihIBTYUKXY7mwBkqHDlWcRT+lJeh95KMDHCO2beOph4B0MwuzvFrC3CO7MTvtQWjougY/CkvQ+8lGZUcCwLOMfvYcUoSA83s+txu6IKzzL551L0j8KdMwfdeklFJFULgHDn102sLRiXHnoFmdg0ARwDhLDn102sLRkYtAI6Xl6D3coyMFxHO02sLRiYXE8HRZt/OZSoOzjR76dGtgBwvL0Hv5RgVlwDBmWZfCpQ7CeBosy/mcBwHzjT7+LELyDje7CJAH1qA8+Re/l6bMCqKAXG8nMHvvRyj4iWEMxl8wGSzp+EUAYIzzS4GZPmR483uALiUA840+xIyHQCOpwMAzKADAJPNvgfAvdxwph9aem3CqLiFlOPpAAAzzO4AuBCI483uALgHAM40+z4AHQCOl0p8vZdjVDIKAM7zoqXXJozKv1rgaOkF916OUXEhB5ypwkVkcLTZHYCMAoAz9dqEkYGj6QAAs/TahJEBAAAAAAAAAAAAAAAAAAAAAAAAAAAAAAAAAAAAAAAAAAAAAAAAAAAAAAAAAAAAAAAAAAAAAAAAAAAAAAAAAAAAAAAAAAAAAAAAAAAAAAAAAAAAAAAAAAAAAAAAAAAAAAAAAAAAAAAAAAAAAAAAAAAAAAAAAAAAAAAAAAAAAAAAAAAAAAAAAAAAAAAAAAAAAAAAAAAAAAAAAAAAAAAAAADY0Dff/D97gEa+fSzJ9gAAAABJRU5ErkJggg==', 1, 3),
(50, 'Hichem', 'Latrech', 'HichemLatrech@gmail.com', '$2a$12$Nja8mKkkw69cAuZzRwQpmeRoAuuCSQWJPopwWBlVjlztmzUwQxCHS', 'employee', 210, 150, 'iVBORw0KGgoAAAANSUhEUgAAAgAAAAIACAYAAAD0eNT6AAAAAXNSR0IArs4c6QAAAARnQU1BAACxjwv8YQUAAAAJcEhZcwAADsMAAA7DAcdvqGQAABuhSURBVHhe7d0rlF63uQbgsMLAQEPDQMPAwELDQsNAwzDDQsNCw0BDQ8PCwMDCwNJz9KaZ1amXxnP7f+mT9DxrvTDO2LO3tq6fvgEAAAAAAAAAAAAAAAAAAAAAAAAAAAAAAAAAAAAAAAAAAAAAAAAAAAAAAAAAAAAAAAAAAAAAAAAAAAAAAAAAAAAAAAAAAAAAAAAAAAAAAAAAAAAAAAAAAAAAAAAAAAAAAAAAAAAAAAAAAAAAAAAAAAAAAAAAAAAAAAAAAAAAAAAAAAAAAAAAAAAAAAAAAAAAAAAAAAAAAAAAAAAAAAAAAADu9aLlh5YfW37u5NMD867ly//2ry35s1+2AAATvGrJBzkf5l9aPrf83+D8s+VjS36G1y3pHAAAF/CXlpvRfEbmv7X0PsaV8q+Wm1mEdFK+bQEA7pEPfj6eM0b110pmC/7ekg5BOjUAcLxMnd+M8Hsfzx2Tzk06Oens6BAAcIR88LJmnrX73sfxxKTz87cWywUAbCcb9963/N7S+wjKN9/8u+UfLZkZAIBl5VhepvdX2LxXLdlMmH0Djh0CsIRMY79p2WkT3+z82vJTy3ctAFBKPk4ZsWYau/cRk8skSwSZWQGAqfIx8uEfn3QELA8AMFw+/PkI9T5OMi45TfF9CwBcVUadPvz1ko5ATloAwEXlw+/sfv2kpoCOAADPll39qVrX+9hI3WSWxqkBAJ4ktetzHr33gZH6SdGlHMkEgAfJBr9cddv7qMh6SU0GywIA3Cl1+t+2ONK3Z1KK2X0DAPyP1J9Pxbneh0P2SZZ0cvEQAIfLiNCxvvOSZQGbBAEOlQIyRv3nJpsE3TwIcJjsDrfWL0mOeQKwuUz5f2jpfQjk3GRJwCVDAJsy5S9fS5YEUvsBgI2Y8peHJrc75kgoAAsz5S9PiSUBgIXl4//Pll4DL3Jffmtx1TDAYjJ6SwPea9hFHprsC1BGGGARGbW5xEculewdUS8AoLg01Bm19RpykedECWGAol632Okv10wuiwKgkBzz6zXYIpeOyoEARfzc0muoT02WQD615JKj/NvcJDMkP9yTFMK5/d/kCt38WfZU/G/ybwvARPlI9RroE5Kqhr+03P64X7uAze1OQuornHzMUicAYJLTpv1zrDEj8nzsK11lm3oL6RSkgt5pHQLLAQCD5SPYa5B3SqbyM8rM7vOVqtLd7hCcUIvBxkCAQXLUb+fd/plaTwdnF1k2SEdm5+OZjggCXFmK/Oz4IUnt+SxpZPS8q+xPSMcm+xZ6/wYrR7EggCvKNPhOu9Hz0cg0+YmXzmQPQ6bOd/t9ujsA4MLywdhlPTkzGNlFX2kj3yyZFfipZZeOQH63L1sAuIBdbvW7+fDvPM3/VDcdgR06efk7uEoY4AJWXzPO6DYft2uf0d9FNtSt3hHIng6/b4BnyIez18CukqzxG/E/Xj6emS1Z+bRHfvcAPEHuYV/1A5ARoA1hz5ep9I8tvX/jFZJ6CAA8QkbNK04DZ50/x/m4rHxIV9womOfBfgCAR1hx3T/Fbkz3X0+WBVJ6t/dvXzn2AwA80Grr/hnlmeodJ0tDq80G2A8AcI/V1v0zujPFO15mWlbbG6CTCHCH1db9czOfqd25clKg97upGPsBAO6QS3B6DWe1pCHf6bKe1eWyoVWWBDJjBMAtuUil12BWS2YolHqtJ2WVV6kW6ZQIwJ8yjb7C1H8+MHb515XnaIV9AZlBcg8EQLPCOm4+LNb715DjmL3fYaXkZwQ4WqbTq+/6T2Pt47+WFeoFZO8CwLGqT9nmQ8Kastbe+51WSZaUdCyBI2Unfa9hrJIsTbC23CzY+91WydsWgKNkM13lo1tG/vuo3AnI8pfaAMBRUhq11yBWiA1a+6m80TT3XgAcIdfk9hrCCrHbf1+p3Nj7nVeIMsHAEare9GdT1v6qVpvMswewtaqj/xQiUuRnf+ngVT15YhYA2FrF0b9LWs6STsCvLb1nYWbMAgDbqjr6N/I6T9UCVJ5FYEsVR/85jcCZKh4PNAsAbCcjrl6DNzO5mtWmv7NV3BSYmzEBtlHt3L91fyIbP6vdRKkuALCNXH1abb3VWis3XrVUez6zXwZgedVG/ykIA7elJn/vWZkVswDA8qqN/nP/gPP+fCl7QbIBr/fMzIpZAGBpP7X0GrdZyc5v6Mn9/L1nZlacUAGWVmlU9akFvqbSqYDMVjmlAiypUuGfLEOYUuU+WbLKCZHeMzQjNqsCS8qd+r1GbUZMp/JQlZatMiMBsJxMYfYatdExlcpjVVm6ysyVTavAUlLNrNegzUhGdPAYmXrvPUsz8qYFYBn/aOk1ZqNj9M9TVZkFsHkVWEY+uFXO/hv981SVZgGUrQaWUOWWNaN/nqvKLMDPLQDlZcqy14iNjtE/z1VlFiAXFgGUlh3LvQZsdOye5lKqnGZRxwIorcqIybl/LqVKXQAzWkBpVW7+S0U3uITsI6lQHdANgUBpFTZNOTbFpVU41ppOCEBJVdb/3fjHpVW5KdA+AKCkCuv/2fzn6B/XkJ34vWduZOwDAEqqsP7v8hSupcLlVvYBACVVWP/PHQRwDS9bes/cyNgHAJRTYf0/57Xhmj639J69kbEPACilwvr/+xa4prctvWdvZOwDAEqpsP6fTghcU0bfvWdvZOwDAEqpMDWq9C8jzC4KZKkLKGV2o5gNiDBCRuC9Z3BkdHaBEipsAFT7n1Eq3A1gIyBQwquWXiM1Mtb/GaXCPoDXLQDTvWnpNVIjY0qUkWYveaUoEcB0s08AWP9ntNn7AJwEAEr42NJrpEbF+X9Gm10P4NcWgOnSGPUaqVFRGIXRZhe+yqVXAFPl5r1eAzUyNgAyWoWNgLmbAGAaDSEn0vEFjpfjSL3GaWTSGMNoqcjXex5HJfsQAKb5W0uvcRoVm6GYZfbm159bAKZJI9RrnEYljTDMkNMnvWdyVP7RAjDN7A6AEsDMMrsksA4AMNXsIkCmQZll9vKXYkDAVBmF9BqnUUkjDDP80NJ7JkflUwvANDoAnEoHADhaGqFe4zQqzkIzy+waGL+1AEwzuwOQURjM8KKl90yOig4AMFVu4us1TqPyqgVm+K6l90yOSq4kBpgmo5Be4zQqGYXBLL1ncmQAptEB4GS9Z3JkAKaZXQ8907AwS++ZHBmAacwAcLLeMzkyANPM7gDkKBbM8G1L75kcGYBpchtfr2EaFccAmWX2McB/twBMM7sOwI8tMMPLlt4zOSrqAABTze4AKAXMLLNLAesAAFPpAHAqHQDgaB9aeo3TqLxtgRlet/SeyVH53AIwzfuWXuM0Ku9aYIY3Lb1nclQ+tgBM83NLr3EalV9aYIa/t/SeyVHJVdwA08weBeUyIpghnc/eMzkqZr+AqXIff69xGhVnoZlldg2Mn1oAppm9EzpRDpgZes/iyDgBA0w1uxpaohgQo80uApSogglMVaEeevYhwEjpdPaexZFJJwRgqtlXAmc3NoyU9ffeszgyf2kBmCrnkXsN1KikGiGMlCN4vWdxVLIBEWC62eehcxLAaIiRZl+Drf4FUMLsWgCJDVGMUmHjqxoAQAmvWnqN1MikIiGMkON3vWdwZHIPAcB0FU4C2AfAKLPX/5PvWwBKmL0mah8Ao3jWAW6ZXRc9sQ+Aa6uw/u/+C6CUCuei7QPg2iqs/6t7AZSSNcleYzUyRkZcW4WZrlzABVBG1iSzNtlrsEZGeVSuJZtdKzzjLr8CyslO/F6DNTLOR3MtFepdZAMiQDlZg+81WiOTewngGj639J65kckRRIBysgu/12iNjtMAXFqF3f9JNiEClJN9AL+39BqukTFK4tIqzG4l1v+BsirsklYohUubXfwnccoFKK3COelErXQupcrSlvP/QGnftfQar9ExWuJSKsxqJfa2AOXl49trwEZHwRSeq0KBq8SyFrCEKhumzALwXFVG//k5AMpLNb5eIzYjZgF4qiqj/8SeFmAZVZYBzALwVFVG/zlaa/ofWMbbll5jNiNmAXisSqN/dS2ApVQ5DZCYBeCxqoz+E7v/geV8bOk1aDOSi1zgIX5s6T1DM+LyH2BJVYoCJbkkKLMS8DVZa/+1pfcMzUhO1AAsJ41phfvTb/K+Bb6myhHWm+i0AstK+dJewzYrr1qgJxftVOqwOvsPLK1STYDEhkDuUmnjX2LzH7C8ag3rTy1wW46K9p6VWdFRBbZQrXHNNG9mJiCyzp5Nor1nZVacWgG2UWlndZKfR3U14lNL7xmZlXRGPJvANjLt3mvsZkaFNart+k/c+w9sJSOaatOsSWoVcKacCKm06z/Jz+PoH7CdirMA9gOc6duWVNnrPRMzY/QPbKnqLID9AOepdjIlMfoHtlZxFiDJvQWcoeK6f2L0D2yt6ixAYlPg/qp2QI3+gSPkjHOvEawQl6/sq9LlVF/mXQvAET639BrCClGEZT+54rfajv+bZDOiPSjAMb5vqdogJ6leyB6qP2vpnAAcJdOevQaxQvLB0DCvLx//31t6v+MK+dACcJxMe1Y8i30TnYC1Vf/45/my8Q84Vj6wvcaxUlQLXE/lNf+buJUSOF6mQXsNZKW8bWEN6bBV//i77hegyTRo5anamziqVV/lI6a3k+UJAJpVGm7FguqqWuHvy6j4B/CFyrUBbic/p81bdeRin4q1/Xtx1z9AR/Xz2reTJQsnBObLlb6VT5J8GfUlAO5QuTZAL/l5jejmyMbMVTqMSWYpALhDPqarLAXcJD/vixbGyJR/bm/s/S6qJrMUlo0A7pGPadUbA+9KlgTUC7i+LLus9mxklsKuf4AH+qFlpendm3xqednCZWX0vMpGvy/zugWAR6h6d/tDYm/A5ay21n87jvwBPFHO3fca1hWSqWq7vp8us0C/tvT+bVdI9ikA8EQrbgr8MvkQWAN+uOwBWaE89NeSTX/ZrAjAM6y4KbCXdAQyqqUvnaSVZ3xukg2h9oEAXEgKvqy6DvxlslFQR+C/8uFfdYNfL5Z9AC5slfsCHprcCHfyxyKdup0+/EnuIwDgCt639BrelZP14pwaOGHaOMf5crpj5c19d0WlP4AryqbA1arAPSaZFchMx05V4/I7S5Gk3X9vjn0CXNnunYCbZESZD+eKZYazAz7LG9nUt8vejbuSj78d/wCDnNIJuEmWCfIxTVW5irMDNx/8FL7JB7H3d9gxPv4AE5zWCbidrKFnP0TW03OiYGSnIB+8/D+zVHHaB/92Up/Cxx9gkpM7Ab3ko5Slg+xGz/JBPtQ3eUgn4ebjfpPMOOTPSmGeHF/s/T9PTJ45a/4Ak6Uh3qGAjKwRH3+AYnQC5Nrx8QcoSidArhUff4DidALk0vHxB1iEToBcKj7+AIvJEbndi9DIdaO2P8CicuHMDlcJy9jkSt8fWwBYWM62Zxq319CLfJnUUlix/DIAd8h0bq/BF7lJKhta7wfYUKrbZXq31/jLuckzkaqHAGwsJXEzzdv7EMh5yb0KL1sAOECmeTPd2/sgyDnJHQem/AEOlCtsLQmclxwPzW2GABwqR71Ovc725PzWkjoRRv8Ah8mGLx9+yexPToe41x9gYxnt5Y78jP56HwM5N1kSyJ6QbBAFYBMZ3WW6V0VAeUhyj4RCQAALy2gu07s2+clT8kvL9y0ALCIj/nctLgKSSyQdATMCAMXlaJepfrlGskfAZkGAYlLi165+uXaynJT9JABMlhKumaLtNdYi10rKB7suGGCCTMUq5Suz86nFRkGAQTIFa2e/VMr7FjUEAK4k0/1u8ZOqSac0haYAuKC3LY71yQr52GI2AOCZjPplxZgNAHii1O1PMZ9e4yqySswGADzCq5Ycs+o1qCKrxWwAwD2M+mXnmA0A6Mhav0p+snsyG/DXFgCaNIjO9ctJyUwXwLEy5a+a32XyW0uq0t0kd9rnKuTbSUcrdyZ8LSlv++V/lyI3t/9s+zMuk/xbulwIOE7WQh3ve1wyS5KPRj7I+TDnYz2zDG3+3+k05GdJRy4/m5sYH5f8e2XTK8AR8tEw5X93Mpr/0JIP682ofTX5qOVnz98hsxFmDe5OCly5YRDYXj4IvUbw5GQUmA9+joq9aNlVZn1et6RDkE5O79/i5OQZyLIYwFay1pljUL2G77Rk9iNXGGfUl9MPp0pn501LPnyWDv6TzJSc/EwAm0mDdvKIL1O86fzkPgPrvXfLnoJ0itI5Ovneh3QQs78DYGknr/dnk2NGuHZ6P16mwrMkcuqsUTpAqgcCy8p672kjucx0ZJ/Dzmv5o2XvQGYGTtxImGcJYClpsHsN2o7JDEc2tpnev74sJ+XI4Ul7BvJsASzhlOI+WavOLIed23NknTwfxxNmmbIU4jkDykoDlR3dvQZsl2S0n2lZl7rUkecuM067zwrkrgz7SYBy0jClElyv4doh+bjkw68Bri0b53Y+cZK/m2OCQBnZ8LbrBq18+DO6NP26lnQEdr1dMrNQM0tAA/whH/8dR1z5O+Uj4sO/tpQj3rEjoBMATLXjxz8zGc5f7yf1KHZbotIJAKbIWvhOH/98+DNaZG+7dQR0AoCh8vHfZVo1R8hSotdU/1lyfHOXUwM6AcAQO338c47fcb5z5Vl+19J7NlZLZuNUnwSuZpePf6b7XbbCjYyec29D71lZKToBwFXs8PE33c/XZPPn6ssCOgHARe3w8U8pVQ0j98mzvnopa50A4GJWvpI1jaHpfh5r9WWBdNjTmQF4svctvQZmheSiGNP9PEfKP/eerRWSjjvAk6x6pW/W+hXz4VJSO2DVvQFZzgB4lEyb9xqU6skOf5elcGk5LrpqAaF05AEeJB/QFBfpNSaVY8qfa1t1ScA+GOBeGelk41yvEakaU/6MtOKSgGqBwFdl9LzazmdT/syw4pJAOvYqXwJdH1p6DUfVmPJnttWWBNLB984A/yMV8noNRtW8aYEKsr6eZajec1oxuQMD4A9Z0+w1FBWThtaGJqrJ+vpKG2edDAD+WBNcZUNTGthXLVBRyu+usoE2HWnvEhxulTK/aVjtYqa6dKhXuTcjG2jtB4BDrVLpLw2Vy01YRWrwr3JCIBtpgcNk+m+FjUsuNWFFGVmvcqpGDQ04SBqnFdYqszxhipKVrXCZVgYCamnAITLt12sIKsUZf3axQq0A9QHgAJnu6zUAlWJdkt2s8N65ORA2lmm+6uv+Pv7saoViW39tATZU/XiSNX92966l9+xXSWqCuC8ANlP9yF86Jz7+nKD6HhyzcLCR9OgrT/3nnL+jfpwiHd3qBbhSHhzYQC7/6L3kFZLjiIr8cJp0Aipfva1KIGwgm3p6L3iFpLa/88ecKrNe+dD23o0KyfFFYFHpwVe96MdlJFD7AiEFgmBhOdfbe7FnJw2LK33hP/KRrXqVcO40ABaTm/N6L3SFvGkB/qvy3RzuCoDFVD3z74gR9FU9qqs2ACykasUxO4vh66qe2NFxhwVUPfNvQxHcLycDqm4KzLIiUFjVjX/WEeFhqu4HyOwEUFTV0b/pQ3icqvsBVAiEoiqO/q37w9NU3A+QzcVAMRWP/Vn3h6fLjF7FQl6uDIZiKo4WrPvD82TKvfduzYxZACik4ujfuj9cRmry996xmTELAEVUG/1b94fLSkne3rs2K95xKKDibX/q/MNlZZav2gmfnFQAJqpW8tdZYbiOdy29d25WskHRLABMUm30nxGKmuFwHfnYVjsVYBYAJvnY0nspZ0VjANdVrdOfvQDAYNV2/mcpwnQgXF+1Tb9OBMBg71t6L+OsKBEKY7xoqbQhMDORwCDVav5/aAHGqXblt5sCYZBKhUFs/IPxstyW9ffeOzkjCn/BANV2Atv4B3Ok3kbvnZwRAwEYIPX1ey/gjNj4B3Nl+a33bs5IZiaBK6pU+MfuX5ir0n4ghYHgiipN+bkRDGqodCLoTQtwBZXO/xr9Qw2VaoIYGMAVZKqv98LNiJccaqk0OHjVAlxQdtv3XrYZed0C1FFpFuDvLcAFfW7pvWyjY6MP1FRlFiBtBHAhL1t6L9qMOPcPNVWaBciGZeACqlT+M/qH2qrMAqgMCBfyW0vvJRsdo3+orcp1walNYLAAz5Qdtb0XbHSM/mENVYqF2SwMz1SlyIfRP6yhyixAliOAZ8jIu/dyjUym875tAdZQ4aZA7QY8Q5XSv+77h7VU2TisNDA8UXbS9l6q0XGkB9byoqX3Lo/OpxbgCX5v6b1UI2PzH6wpH9/eOz06lgHgkaoU9VDWE9aU6ffeOz06Lg6DR6qyhpeOCLCejLyzEa/3Xo+MokDwSBWm77KTGFhXhcqAKWQGPFDW3Cv03N+2AOuqUhMgmxKBB6hy/O+7FmBdGUxU2EzsOCA8UDbe9V6ikfnYAqyvQjVRVQHhgSrU8v5bC7C+CveJZBYCuEem3Xsv0Mi4yQv2UuFG0XREgK/IyLv38oyM6TrYS4VlxRxtBr6iQvlfN//BXiqcBlAWGO5RYapO8R/YS4oC9d71kbG0CF9R4SVVtAP2VKG4mMEF3OGHlt5LMzLKdsKeKpQXd7oI7pC1995LMzJeUNhThQGGy8XgDh9aei/NyCjZCXuqUGL8cwvQMbsAkPV/2NvsfQAKAkFHeue9F2ZkrP/D3irsA3jZAtxSoVzn6xZgX9oZKCi3ZfVelpHJMURgb7NvB3zXAtwy+8au7D8A9pdS3702YFTcNApfmL0BMB0QYH9vW3ptwKjYCAi3VDieo/4/nKHCvQC59RRocva+95KMzI8twP5SjrfXBoxMihIBTYUKXY7mwBkqHDlWcRT+lJeh95KMDHCO2beOph4B0MwuzvFrC3CO7MTvtQWjougY/CkvQ+8lGZUcCwLOMfvYcUoSA83s+txu6IKzzL551L0j8KdMwfdeklFJFULgHDn102sLRiXHnoFmdg0ARwDhLDn102sLRkYtAI6Xl6D3coyMFxHO02sLRiYXE8HRZt/OZSoOzjR76dGtgBwvL0Hv5RgVlwDBmWZfCpQ7CeBosy/mcBwHzjT7+LELyDje7CJAH1qA8+Re/l6bMCqKAXG8nMHvvRyj4iWEMxl8wGSzp+EUAYIzzS4GZPmR483uALiUA840+xIyHQCOpwMAzKADAJPNvgfAvdxwph9aem3CqLiFlOPpAAAzzO4AuBCI483uALgHAM40+z4AHQCOl0p8vZdjVDIKAM7zoqXXJozKv1rgaOkF916OUXEhB5ypwkVkcLTZHYCMAoAz9dqEkYGj6QAAs/TahJEBAAAAAAAAAAAAAAAAAAAAAAAAAAAAAAAAAAAAAAAAAAAAAAAAAAAAAAAAAAAAAAAAAAAAAAAAAAAAAAAAAAAAAAAAAAAAAAAAAAAAAAAAAAAAAAAAAAAAAAAAAAAAAAAAAAAAAAAAAAAAAAAAAAAAAAAAAAAAAAAAAAAAAAAAAAAAAAAAAAAAAAAAAAAAAAAAAAAAAAAAAAAAAAAAAADY0Dff/D97gEa+fSzJ9gAAAABJRU5ErkJggg==', 1, 3),
(51, 'Yousef', 'Ammar', 'YousefAmmar@gmail.com', '$2a$12$lJUqQwEFYCpRCZRzypZ5V.TQ4n04D4Q1oNyNZmHc30uh5c.NAnt0y', 'employee', 400, 0, 'iVBORw0KGgoAAAANSUhEUgAAAgAAAAIACAYAAAD0eNT6AAAAAXNSR0IArs4c6QAAAARnQU1BAACxjwv8YQUAAAAJcEhZcwAADsMAAA7DAcdvqGQAABuhSURBVHhe7d0rlF63uQbgsMLAQEPDQMPAwELDQsNAwzDDQsNCw0BDQ8PCwMDCwNJz9KaZ1amXxnP7f+mT9DxrvTDO2LO3tq6fvgEAAAAAAAAAAAAAAAAAAAAAAAAAAAAAAAAAAAAAAAAAAAAAAAAAAAAAAAAAAAAAAAAAAAAAAAAAAAAAAAAAAAAAAAAAAAAAAAAAAAAAAAAAAAAAAAAAAAAAAAAAAAAAAAAAAAAAAAAAAAAAAAAAAAAAAAAAAAAAAAAAAAAAAAAAAAAAAAAAAAAAAAAAAAAAAAAAAAAAAAAAAAAAAAAAAADu9aLlh5YfW37u5NMD867ly//2ry35s1+2AAATvGrJBzkf5l9aPrf83+D8s+VjS36G1y3pHAAAF/CXlpvRfEbmv7X0PsaV8q+Wm1mEdFK+bQEA7pEPfj6eM0b110pmC/7ekg5BOjUAcLxMnd+M8Hsfzx2Tzk06Oens6BAAcIR88LJmnrX73sfxxKTz87cWywUAbCcb9963/N7S+wjKN9/8u+UfLZkZAIBl5VhepvdX2LxXLdlMmH0Djh0CsIRMY79p2WkT3+z82vJTy3ctAFBKPk4ZsWYau/cRk8skSwSZWQGAqfIx8uEfn3QELA8AMFw+/PkI9T5OMi45TfF9CwBcVUadPvz1ko5ATloAwEXlw+/sfv2kpoCOAADPll39qVrX+9hI3WSWxqkBAJ4ktetzHr33gZH6SdGlHMkEgAfJBr9cddv7qMh6SU0GywIA3Cl1+t+2ONK3Z1KK2X0DAPyP1J9Pxbneh0P2SZZ0cvEQAIfLiNCxvvOSZQGbBAEOlQIyRv3nJpsE3TwIcJjsDrfWL0mOeQKwuUz5f2jpfQjk3GRJwCVDAJsy5S9fS5YEUvsBgI2Y8peHJrc75kgoAAsz5S9PiSUBgIXl4//Pll4DL3Jffmtx1TDAYjJ6SwPea9hFHprsC1BGGGARGbW5xEculewdUS8AoLg01Bm19RpykedECWGAol632Okv10wuiwKgkBzz6zXYIpeOyoEARfzc0muoT02WQD615JKj/NvcJDMkP9yTFMK5/d/kCt38WfZU/G/ybwvARPlI9RroE5Kqhr+03P64X7uAze1OQuornHzMUicAYJLTpv1zrDEj8nzsK11lm3oL6RSkgt5pHQLLAQCD5SPYa5B3SqbyM8rM7vOVqtLd7hCcUIvBxkCAQXLUb+fd/plaTwdnF1k2SEdm5+OZjggCXFmK/Oz4IUnt+SxpZPS8q+xPSMcm+xZ6/wYrR7EggCvKNPhOu9Hz0cg0+YmXzmQPQ6bOd/t9ujsA4MLywdhlPTkzGNlFX2kj3yyZFfipZZeOQH63L1sAuIBdbvW7+fDvPM3/VDcdgR06efk7uEoY4AJWXzPO6DYft2uf0d9FNtSt3hHIng6/b4BnyIez18CukqzxG/E/Xj6emS1Z+bRHfvcAPEHuYV/1A5ARoA1hz5ep9I8tvX/jFZJ6CAA8QkbNK04DZ50/x/m4rHxIV9womOfBfgCAR1hx3T/Fbkz3X0+WBVJ6t/dvXzn2AwA80Grr/hnlmeodJ0tDq80G2A8AcI/V1v0zujPFO15mWlbbG6CTCHCH1db9czOfqd25clKg97upGPsBAO6QS3B6DWe1pCHf6bKe1eWyoVWWBDJjBMAtuUil12BWS2YolHqtJ2WVV6kW6ZQIwJ8yjb7C1H8+MHb515XnaIV9AZlBcg8EQLPCOm4+LNb715DjmL3fYaXkZwQ4WqbTq+/6T2Pt47+WFeoFZO8CwLGqT9nmQ8Kastbe+51WSZaUdCyBI2Unfa9hrJIsTbC23CzY+91WydsWgKNkM13lo1tG/vuo3AnI8pfaAMBRUhq11yBWiA1a+6m80TT3XgAcIdfk9hrCCrHbf1+p3Nj7nVeIMsHAEare9GdT1v6qVpvMswewtaqj/xQiUuRnf+ngVT15YhYA2FrF0b9LWs6STsCvLb1nYWbMAgDbqjr6N/I6T9UCVJ5FYEsVR/85jcCZKh4PNAsAbCcjrl6DNzO5mtWmv7NV3BSYmzEBtlHt3L91fyIbP6vdRKkuALCNXH1abb3VWis3XrVUez6zXwZgedVG/ykIA7elJn/vWZkVswDA8qqN/nP/gPP+fCl7QbIBr/fMzIpZAGBpP7X0GrdZyc5v6Mn9/L1nZlacUAGWVmlU9akFvqbSqYDMVjmlAiypUuGfLEOYUuU+WbLKCZHeMzQjNqsCS8qd+r1GbUZMp/JQlZatMiMBsJxMYfYatdExlcpjVVm6ysyVTavAUlLNrNegzUhGdPAYmXrvPUsz8qYFYBn/aOk1ZqNj9M9TVZkFsHkVWEY+uFXO/hv981SVZgGUrQaWUOWWNaN/nqvKLMDPLQDlZcqy14iNjtE/z1VlFiAXFgGUlh3LvQZsdOye5lKqnGZRxwIorcqIybl/LqVKXQAzWkBpVW7+S0U3uITsI6lQHdANgUBpFTZNOTbFpVU41ppOCEBJVdb/3fjHpVW5KdA+AKCkCuv/2fzn6B/XkJ34vWduZOwDAEqqsP7v8hSupcLlVvYBACVVWP/PHQRwDS9bes/cyNgHAJRTYf0/57Xhmj639J69kbEPACilwvr/+xa4prctvWdvZOwDAEqpsP6fTghcU0bfvWdvZOwDAEqpMDWq9C8jzC4KZKkLKGV2o5gNiDBCRuC9Z3BkdHaBEipsAFT7n1Eq3A1gIyBQwquWXiM1Mtb/GaXCPoDXLQDTvWnpNVIjY0qUkWYveaUoEcB0s08AWP9ntNn7AJwEAEr42NJrpEbF+X9Gm10P4NcWgOnSGPUaqVFRGIXRZhe+yqVXAFPl5r1eAzUyNgAyWoWNgLmbAGAaDSEn0vEFjpfjSL3GaWTSGMNoqcjXex5HJfsQAKb5W0uvcRoVm6GYZfbm159bAKZJI9RrnEYljTDMkNMnvWdyVP7RAjDN7A6AEsDMMrsksA4AMNXsIkCmQZll9vKXYkDAVBmF9BqnUUkjDDP80NJ7JkflUwvANDoAnEoHADhaGqFe4zQqzkIzy+waGL+1AEwzuwOQURjM8KKl90yOig4AMFVu4us1TqPyqgVm+K6l90yOSq4kBpgmo5Be4zQqGYXBLL1ncmQAptEB4GS9Z3JkAKaZXQ8907AwS++ZHBmAacwAcLLeMzkyANPM7gDkKBbM8G1L75kcGYBpchtfr2EaFccAmWX2McB/twBMM7sOwI8tMMPLlt4zOSrqAABTze4AKAXMLLNLAesAAFPpAHAqHQDgaB9aeo3TqLxtgRlet/SeyVH53AIwzfuWXuM0Ku9aYIY3Lb1nclQ+tgBM83NLr3EalV9aYIa/t/SeyVHJVdwA08weBeUyIpghnc/eMzkqZr+AqXIff69xGhVnoZlldg2Mn1oAppm9EzpRDpgZes/iyDgBA0w1uxpaohgQo80uApSogglMVaEeevYhwEjpdPaexZFJJwRgqtlXAmc3NoyU9ffeszgyf2kBmCrnkXsN1KikGiGMlCN4vWdxVLIBEWC62eehcxLAaIiRZl+Drf4FUMLsWgCJDVGMUmHjqxoAQAmvWnqN1MikIiGMkON3vWdwZHIPAcB0FU4C2AfAKLPX/5PvWwBKmL0mah8Ao3jWAW6ZXRc9sQ+Aa6uw/u/+C6CUCuei7QPg2iqs/6t7AZSSNcleYzUyRkZcW4WZrlzABVBG1iSzNtlrsEZGeVSuJZtdKzzjLr8CyslO/F6DNTLOR3MtFepdZAMiQDlZg+81WiOTewngGj639J65kckRRIBysgu/12iNjtMAXFqF3f9JNiEClJN9AL+39BqukTFK4tIqzG4l1v+BsirsklYohUubXfwnccoFKK3COelErXQupcrSlvP/QGnftfQar9ExWuJSKsxqJfa2AOXl49trwEZHwRSeq0KBq8SyFrCEKhumzALwXFVG//k5AMpLNb5eIzYjZgF4qiqj/8SeFmAZVZYBzALwVFVG/zlaa/ofWMbbll5jNiNmAXisSqN/dS2ApVQ5DZCYBeCxqoz+E7v/geV8bOk1aDOSi1zgIX5s6T1DM+LyH2BJVYoCJbkkKLMS8DVZa/+1pfcMzUhO1AAsJ41phfvTb/K+Bb6myhHWm+i0AstK+dJewzYrr1qgJxftVOqwOvsPLK1STYDEhkDuUmnjX2LzH7C8ag3rTy1wW46K9p6VWdFRBbZQrXHNNG9mJiCyzp5Nor1nZVacWgG2UWlndZKfR3U14lNL7xmZlXRGPJvANjLt3mvsZkaFNart+k/c+w9sJSOaatOsSWoVcKacCKm06z/Jz+PoH7CdirMA9gOc6duWVNnrPRMzY/QPbKnqLID9AOepdjIlMfoHtlZxFiDJvQWcoeK6f2L0D2yt6ixAYlPg/qp2QI3+gSPkjHOvEawQl6/sq9LlVF/mXQvAET639BrCClGEZT+54rfajv+bZDOiPSjAMb5vqdogJ6leyB6qP2vpnAAcJdOevQaxQvLB0DCvLx//31t6v+MK+dACcJxMe1Y8i30TnYC1Vf/45/my8Q84Vj6wvcaxUlQLXE/lNf+buJUSOF6mQXsNZKW8bWEN6bBV//i77hegyTRo5anamziqVV/lI6a3k+UJAJpVGm7FguqqWuHvy6j4B/CFyrUBbic/p81bdeRin4q1/Xtx1z9AR/Xz2reTJQsnBObLlb6VT5J8GfUlAO5QuTZAL/l5jejmyMbMVTqMSWYpALhDPqarLAXcJD/vixbGyJR/bm/s/S6qJrMUlo0A7pGPadUbA+9KlgTUC7i+LLus9mxklsKuf4AH+qFlpendm3xqednCZWX0vMpGvy/zugWAR6h6d/tDYm/A5ay21n87jvwBPFHO3fca1hWSqWq7vp8us0C/tvT+bVdI9ikA8EQrbgr8MvkQWAN+uOwBWaE89NeSTX/ZrAjAM6y4KbCXdAQyqqUvnaSVZ3xukg2h9oEAXEgKvqy6DvxlslFQR+C/8uFfdYNfL5Z9AC5slfsCHprcCHfyxyKdup0+/EnuIwDgCt639BrelZP14pwaOGHaOMf5crpj5c19d0WlP4AryqbA1arAPSaZFchMx05V4/I7S5Gk3X9vjn0CXNnunYCbZESZD+eKZYazAz7LG9nUt8vejbuSj78d/wCDnNIJuEmWCfIxTVW5irMDNx/8FL7JB7H3d9gxPv4AE5zWCbidrKFnP0TW03OiYGSnIB+8/D+zVHHaB/92Up/Cxx9gkpM7Ab3ko5Slg+xGz/JBPtQ3eUgn4ebjfpPMOOTPSmGeHF/s/T9PTJ45a/4Ak6Uh3qGAjKwRH3+AYnQC5Nrx8QcoSidArhUff4DidALk0vHxB1iEToBcKj7+AIvJEbndi9DIdaO2P8CicuHMDlcJy9jkSt8fWwBYWM62Zxq319CLfJnUUlix/DIAd8h0bq/BF7lJKhta7wfYUKrbZXq31/jLuckzkaqHAGwsJXEzzdv7EMh5yb0KL1sAOECmeTPd2/sgyDnJHQem/AEOlCtsLQmclxwPzW2GABwqR71Ovc725PzWkjoRRv8Ah8mGLx9+yexPToe41x9gYxnt5Y78jP56HwM5N1kSyJ6QbBAFYBMZ3WW6V0VAeUhyj4RCQAALy2gu07s2+clT8kvL9y0ALCIj/nctLgKSSyQdATMCAMXlaJepfrlGskfAZkGAYlLi165+uXaynJT9JABMlhKumaLtNdYi10rKB7suGGCCTMUq5Suz86nFRkGAQTIFa2e/VMr7FjUEAK4k0/1u8ZOqSac0haYAuKC3LY71yQr52GI2AOCZjPplxZgNAHii1O1PMZ9e4yqySswGADzCq5Ycs+o1qCKrxWwAwD2M+mXnmA0A6Mhav0p+snsyG/DXFgCaNIjO9ctJyUwXwLEy5a+a32XyW0uq0t0kd9rnKuTbSUcrdyZ8LSlv++V/lyI3t/9s+zMuk/xbulwIOE7WQh3ve1wyS5KPRj7I+TDnYz2zDG3+3+k05GdJRy4/m5sYH5f8e2XTK8AR8tEw5X93Mpr/0JIP682ofTX5qOVnz98hsxFmDe5OCly5YRDYXj4IvUbw5GQUmA9+joq9aNlVZn1et6RDkE5O79/i5OQZyLIYwFay1pljUL2G77Rk9iNXGGfUl9MPp0pn501LPnyWDv6TzJSc/EwAm0mDdvKIL1O86fzkPgPrvXfLnoJ0itI5Ovneh3QQs78DYGknr/dnk2NGuHZ6P16mwrMkcuqsUTpAqgcCy8p672kjucx0ZJ/Dzmv5o2XvQGYGTtxImGcJYClpsHsN2o7JDEc2tpnev74sJ+XI4Ul7BvJsASzhlOI+WavOLIed23NknTwfxxNmmbIU4jkDykoDlR3dvQZsl2S0n2lZl7rUkecuM067zwrkrgz7SYBy0jClElyv4doh+bjkw68Bri0b53Y+cZK/m2OCQBnZ8LbrBq18+DO6NP26lnQEdr1dMrNQM0tAA/whH/8dR1z5O+Uj4sO/tpQj3rEjoBMATLXjxz8zGc5f7yf1KHZbotIJAKbIWvhOH/98+DNaZG+7dQR0AoCh8vHfZVo1R8hSotdU/1lyfHOXUwM6AcAQO338c47fcb5z5Vl+19J7NlZLZuNUnwSuZpePf6b7XbbCjYyec29D71lZKToBwFXs8PE33c/XZPPn6ssCOgHARe3w8U8pVQ0j98mzvnopa50A4GJWvpI1jaHpfh5r9WWBdNjTmQF4svctvQZmheSiGNP9PEfKP/eerRWSjjvAk6x6pW/W+hXz4VJSO2DVvQFZzgB4lEyb9xqU6skOf5elcGk5LrpqAaF05AEeJB/QFBfpNSaVY8qfa1t1ScA+GOBeGelk41yvEakaU/6MtOKSgGqBwFdl9LzazmdT/syw4pJAOvYqXwJdH1p6DUfVmPJnttWWBNLB984A/yMV8noNRtW8aYEKsr6eZajec1oxuQMD4A9Z0+w1FBWThtaGJqrJ+vpKG2edDAD+WBNcZUNTGthXLVBRyu+usoE2HWnvEhxulTK/aVjtYqa6dKhXuTcjG2jtB4BDrVLpLw2Vy01YRWrwr3JCIBtpgcNk+m+FjUsuNWFFGVmvcqpGDQ04SBqnFdYqszxhipKVrXCZVgYCamnAITLt12sIKsUZf3axQq0A9QHgAJnu6zUAlWJdkt2s8N65ORA2lmm+6uv+Pv7saoViW39tATZU/XiSNX92966l9+xXSWqCuC8ANlP9yF86Jz7+nKD6HhyzcLCR9OgrT/3nnL+jfpwiHd3qBbhSHhzYQC7/6L3kFZLjiIr8cJp0Aipfva1KIGwgm3p6L3iFpLa/88ecKrNe+dD23o0KyfFFYFHpwVe96MdlJFD7AiEFgmBhOdfbe7FnJw2LK33hP/KRrXqVcO40ABaTm/N6L3SFvGkB/qvy3RzuCoDFVD3z74gR9FU9qqs2ACykasUxO4vh66qe2NFxhwVUPfNvQxHcLycDqm4KzLIiUFjVjX/WEeFhqu4HyOwEUFTV0b/pQ3icqvsBVAiEoiqO/q37w9NU3A+QzcVAMRWP/Vn3h6fLjF7FQl6uDIZiKo4WrPvD82TKvfduzYxZACik4ujfuj9cRmry996xmTELAEVUG/1b94fLSkne3rs2K95xKKDibX/q/MNlZZav2gmfnFQAJqpW8tdZYbiOdy29d25WskHRLABMUm30nxGKmuFwHfnYVjsVYBYAJvnY0nspZ0VjANdVrdOfvQDAYNV2/mcpwnQgXF+1Tb9OBMBg71t6L+OsKBEKY7xoqbQhMDORwCDVav5/aAHGqXblt5sCYZBKhUFs/IPxstyW9ffeOzkjCn/BANV2Atv4B3Ok3kbvnZwRAwEYIPX1ey/gjNj4B3Nl+a33bs5IZiaBK6pU+MfuX5ir0n4ghYHgiipN+bkRDGqodCLoTQtwBZXO/xr9Qw2VaoIYGMAVZKqv98LNiJccaqk0OHjVAlxQdtv3XrYZed0C1FFpFuDvLcAFfW7pvWyjY6MP1FRlFiBtBHAhL1t6L9qMOPcPNVWaBciGZeACqlT+M/qH2qrMAqgMCBfyW0vvJRsdo3+orcp1walNYLAAz5Qdtb0XbHSM/mENVYqF2SwMz1SlyIfRP6yhyixAliOAZ8jIu/dyjUym875tAdZQ4aZA7QY8Q5XSv+77h7VU2TisNDA8UXbS9l6q0XGkB9byoqX3Lo/OpxbgCX5v6b1UI2PzH6wpH9/eOz06lgHgkaoU9VDWE9aU6ffeOz06Lg6DR6qyhpeOCLCejLyzEa/3Xo+MokDwSBWm77KTGFhXhcqAKWQGPFDW3Cv03N+2AOuqUhMgmxKBB6hy/O+7FmBdGUxU2EzsOCA8UDbe9V6ikfnYAqyvQjVRVQHhgSrU8v5bC7C+CveJZBYCuEem3Xsv0Mi4yQv2UuFG0XREgK/IyLv38oyM6TrYS4VlxRxtBr6iQvlfN//BXiqcBlAWGO5RYapO8R/YS4oC9d71kbG0CF9R4SVVtAP2VKG4mMEF3OGHlt5LMzLKdsKeKpQXd7oI7pC1995LMzJeUNhThQGGy8XgDh9aei/NyCjZCXuqUGL8cwvQMbsAkPV/2NvsfQAKAkFHeue9F2ZkrP/D3irsA3jZAtxSoVzn6xZgX9oZKCi3ZfVelpHJMURgb7NvB3zXAtwy+8au7D8A9pdS3702YFTcNApfmL0BMB0QYH9vW3ptwKjYCAi3VDieo/4/nKHCvQC59RRocva+95KMzI8twP5SjrfXBoxMihIBTYUKXY7mwBkqHDlWcRT+lJeh95KMDHCO2beOph4B0MwuzvFrC3CO7MTvtQWjougY/CkvQ+8lGZUcCwLOMfvYcUoSA83s+txu6IKzzL551L0j8KdMwfdeklFJFULgHDn102sLRiXHnoFmdg0ARwDhLDn102sLRkYtAI6Xl6D3coyMFxHO02sLRiYXE8HRZt/OZSoOzjR76dGtgBwvL0Hv5RgVlwDBmWZfCpQ7CeBosy/mcBwHzjT7+LELyDje7CJAH1qA8+Re/l6bMCqKAXG8nMHvvRyj4iWEMxl8wGSzp+EUAYIzzS4GZPmR483uALiUA840+xIyHQCOpwMAzKADAJPNvgfAvdxwph9aem3CqLiFlOPpAAAzzO4AuBCI483uALgHAM40+z4AHQCOl0p8vZdjVDIKAM7zoqXXJozKv1rgaOkF916OUXEhB5ypwkVkcLTZHYCMAoAz9dqEkYGj6QAAs/TahJEBAAAAAAAAAAAAAAAAAAAAAAAAAAAAAAAAAAAAAAAAAAAAAAAAAAAAAAAAAAAAAAAAAAAAAAAAAAAAAAAAAAAAAAAAAAAAAAAAAAAAAAAAAAAAAAAAAAAAAAAAAAAAAAAAAAAAAAAAAAAAAAAAAAAAAAAAAAAAAAAAAAAAAAAAAAAAAAAAAAAAAAAAAAAAAAAAAAAAAAAAAAAAAAAAAADY0Dff/D97gEa+fSzJ9gAAAABJRU5ErkJggg==', 1, 3);
INSERT INTO `employee` (`id_e`, `nom`, `prenom`, `email`, `password`, `grade`, `nbr_point`, `solde_argent`, `image`, `isActive`, `id_r`) VALUES
(52, 'Teste', 'User', 'testeuser@gmail.com', '$2a$12$nj9Va.va89l4kHc1IgqLWuFzP60ylH/PzFUuaQpbPrGXKXLhRWN3C', 'employee', 0, 0, 'iVBORw0KGgoAAAANSUhEUgAAAgAAAAIACAYAAAD0eNT6AAAAAXNSR0IArs4c6QAAAARnQU1BAACxjwv8YQUAAAAJcEhZcwAADsMAAA7DAcdvqGQAABuhSURBVHhe7d0rlF63uQbgsMLAQEPDQMPAwELDQsNAwzDDQsNCw0BDQ8PCwMDCwNJz9KaZ1amXxnP7f+mT9DxrvTDO2LO3tq6fvgEAAAAAAAAAAAAAAAAAAAAAAAAAAAAAAAAAAAAAAAAAAAAAAAAAAAAAAAAAAAAAAAAAAAAAAAAAAAAAAAAAAAAAAAAAAAAAAAAAAAAAAAAAAAAAAAAAAAAAAAAAAAAAAAAAAAAAAAAAAAAAAAAAAAAAAAAAAAAAAAAAAAAAAAAAAAAAAAAAAAAAAAAAAAAAAAAAAAAAAAAAAAAAAAAAAADu9aLlh5YfW37u5NMD867ly//2ry35s1+2AAATvGrJBzkf5l9aPrf83+D8s+VjS36G1y3pHAAAF/CXlpvRfEbmv7X0PsaV8q+Wm1mEdFK+bQEA7pEPfj6eM0b110pmC/7ekg5BOjUAcLxMnd+M8Hsfzx2Tzk06Oens6BAAcIR88LJmnrX73sfxxKTz87cWywUAbCcb9963/N7S+wjKN9/8u+UfLZkZAIBl5VhepvdX2LxXLdlMmH0Djh0CsIRMY79p2WkT3+z82vJTy3ctAFBKPk4ZsWYau/cRk8skSwSZWQGAqfIx8uEfn3QELA8AMFw+/PkI9T5OMi45TfF9CwBcVUadPvz1ko5ATloAwEXlw+/sfv2kpoCOAADPll39qVrX+9hI3WSWxqkBAJ4ktetzHr33gZH6SdGlHMkEgAfJBr9cddv7qMh6SU0GywIA3Cl1+t+2ONK3Z1KK2X0DAPyP1J9Pxbneh0P2SZZ0cvEQAIfLiNCxvvOSZQGbBAEOlQIyRv3nJpsE3TwIcJjsDrfWL0mOeQKwuUz5f2jpfQjk3GRJwCVDAJsy5S9fS5YEUvsBgI2Y8peHJrc75kgoAAsz5S9PiSUBgIXl4//Pll4DL3Jffmtx1TDAYjJ6SwPea9hFHprsC1BGGGARGbW5xEculewdUS8AoLg01Bm19RpykedECWGAol632Okv10wuiwKgkBzz6zXYIpeOyoEARfzc0muoT02WQD615JKj/NvcJDMkP9yTFMK5/d/kCt38WfZU/G/ybwvARPlI9RroE5Kqhr+03P64X7uAze1OQuornHzMUicAYJLTpv1zrDEj8nzsK11lm3oL6RSkgt5pHQLLAQCD5SPYa5B3SqbyM8rM7vOVqtLd7hCcUIvBxkCAQXLUb+fd/plaTwdnF1k2SEdm5+OZjggCXFmK/Oz4IUnt+SxpZPS8q+xPSMcm+xZ6/wYrR7EggCvKNPhOu9Hz0cg0+YmXzmQPQ6bOd/t9ujsA4MLywdhlPTkzGNlFX2kj3yyZFfipZZeOQH63L1sAuIBdbvW7+fDvPM3/VDcdgR06efk7uEoY4AJWXzPO6DYft2uf0d9FNtSt3hHIng6/b4BnyIez18CukqzxG/E/Xj6emS1Z+bRHfvcAPEHuYV/1A5ARoA1hz5ep9I8tvX/jFZJ6CAA8QkbNK04DZ50/x/m4rHxIV9womOfBfgCAR1hx3T/Fbkz3X0+WBVJ6t/dvXzn2AwA80Grr/hnlmeodJ0tDq80G2A8AcI/V1v0zujPFO15mWlbbG6CTCHCH1db9czOfqd25clKg97upGPsBAO6QS3B6DWe1pCHf6bKe1eWyoVWWBDJjBMAtuUil12BWS2YolHqtJ2WVV6kW6ZQIwJ8yjb7C1H8+MHb515XnaIV9AZlBcg8EQLPCOm4+LNb715DjmL3fYaXkZwQ4WqbTq+/6T2Pt47+WFeoFZO8CwLGqT9nmQ8Kastbe+51WSZaUdCyBI2Unfa9hrJIsTbC23CzY+91WydsWgKNkM13lo1tG/vuo3AnI8pfaAMBRUhq11yBWiA1a+6m80TT3XgAcIdfk9hrCCrHbf1+p3Nj7nVeIMsHAEare9GdT1v6qVpvMswewtaqj/xQiUuRnf+ngVT15YhYA2FrF0b9LWs6STsCvLb1nYWbMAgDbqjr6N/I6T9UCVJ5FYEsVR/85jcCZKh4PNAsAbCcjrl6DNzO5mtWmv7NV3BSYmzEBtlHt3L91fyIbP6vdRKkuALCNXH1abb3VWis3XrVUez6zXwZgedVG/ykIA7elJn/vWZkVswDA8qqN/nP/gPP+fCl7QbIBr/fMzIpZAGBpP7X0GrdZyc5v6Mn9/L1nZlacUAGWVmlU9akFvqbSqYDMVjmlAiypUuGfLEOYUuU+WbLKCZHeMzQjNqsCS8qd+r1GbUZMp/JQlZatMiMBsJxMYfYatdExlcpjVVm6ysyVTavAUlLNrNegzUhGdPAYmXrvPUsz8qYFYBn/aOk1ZqNj9M9TVZkFsHkVWEY+uFXO/hv981SVZgGUrQaWUOWWNaN/nqvKLMDPLQDlZcqy14iNjtE/z1VlFiAXFgGUlh3LvQZsdOye5lKqnGZRxwIorcqIybl/LqVKXQAzWkBpVW7+S0U3uITsI6lQHdANgUBpFTZNOTbFpVU41ppOCEBJVdb/3fjHpVW5KdA+AKCkCuv/2fzn6B/XkJ34vWduZOwDAEqqsP7v8hSupcLlVvYBACVVWP/PHQRwDS9bes/cyNgHAJRTYf0/57Xhmj639J69kbEPACilwvr/+xa4prctvWdvZOwDAEqpsP6fTghcU0bfvWdvZOwDAEqpMDWq9C8jzC4KZKkLKGV2o5gNiDBCRuC9Z3BkdHaBEipsAFT7n1Eq3A1gIyBQwquWXiM1Mtb/GaXCPoDXLQDTvWnpNVIjY0qUkWYveaUoEcB0s08AWP9ntNn7AJwEAEr42NJrpEbF+X9Gm10P4NcWgOnSGPUaqVFRGIXRZhe+yqVXAFPl5r1eAzUyNgAyWoWNgLmbAGAaDSEn0vEFjpfjSL3GaWTSGMNoqcjXex5HJfsQAKb5W0uvcRoVm6GYZfbm159bAKZJI9RrnEYljTDMkNMnvWdyVP7RAjDN7A6AEsDMMrsksA4AMNXsIkCmQZll9vKXYkDAVBmF9BqnUUkjDDP80NJ7JkflUwvANDoAnEoHADhaGqFe4zQqzkIzy+waGL+1AEwzuwOQURjM8KKl90yOig4AMFVu4us1TqPyqgVm+K6l90yOSq4kBpgmo5Be4zQqGYXBLL1ncmQAptEB4GS9Z3JkAKaZXQ8907AwS++ZHBmAacwAcLLeMzkyANPM7gDkKBbM8G1L75kcGYBpchtfr2EaFccAmWX2McB/twBMM7sOwI8tMMPLlt4zOSrqAABTze4AKAXMLLNLAesAAFPpAHAqHQDgaB9aeo3TqLxtgRlet/SeyVH53AIwzfuWXuM0Ku9aYIY3Lb1nclQ+tgBM83NLr3EalV9aYIa/t/SeyVHJVdwA08weBeUyIpghnc/eMzkqZr+AqXIff69xGhVnoZlldg2Mn1oAppm9EzpRDpgZes/iyDgBA0w1uxpaohgQo80uApSogglMVaEeevYhwEjpdPaexZFJJwRgqtlXAmc3NoyU9ffeszgyf2kBmCrnkXsN1KikGiGMlCN4vWdxVLIBEWC62eehcxLAaIiRZl+Drf4FUMLsWgCJDVGMUmHjqxoAQAmvWnqN1MikIiGMkON3vWdwZHIPAcB0FU4C2AfAKLPX/5PvWwBKmL0mah8Ao3jWAW6ZXRc9sQ+Aa6uw/u/+C6CUCuei7QPg2iqs/6t7AZSSNcleYzUyRkZcW4WZrlzABVBG1iSzNtlrsEZGeVSuJZtdKzzjLr8CyslO/F6DNTLOR3MtFepdZAMiQDlZg+81WiOTewngGj639J65kckRRIBysgu/12iNjtMAXFqF3f9JNiEClJN9AL+39BqukTFK4tIqzG4l1v+BsirsklYohUubXfwnccoFKK3COelErXQupcrSlvP/QGnftfQar9ExWuJSKsxqJfa2AOXl49trwEZHwRSeq0KBq8SyFrCEKhumzALwXFVG//k5AMpLNb5eIzYjZgF4qiqj/8SeFmAZVZYBzALwVFVG/zlaa/ofWMbbll5jNiNmAXisSqN/dS2ApVQ5DZCYBeCxqoz+E7v/geV8bOk1aDOSi1zgIX5s6T1DM+LyH2BJVYoCJbkkKLMS8DVZa/+1pfcMzUhO1AAsJ41phfvTb/K+Bb6myhHWm+i0AstK+dJewzYrr1qgJxftVOqwOvsPLK1STYDEhkDuUmnjX2LzH7C8ag3rTy1wW46K9p6VWdFRBbZQrXHNNG9mJiCyzp5Nor1nZVacWgG2UWlndZKfR3U14lNL7xmZlXRGPJvANjLt3mvsZkaFNart+k/c+w9sJSOaatOsSWoVcKacCKm06z/Jz+PoH7CdirMA9gOc6duWVNnrPRMzY/QPbKnqLID9AOepdjIlMfoHtlZxFiDJvQWcoeK6f2L0D2yt6ixAYlPg/qp2QI3+gSPkjHOvEawQl6/sq9LlVF/mXQvAET639BrCClGEZT+54rfajv+bZDOiPSjAMb5vqdogJ6leyB6qP2vpnAAcJdOevQaxQvLB0DCvLx//31t6v+MK+dACcJxMe1Y8i30TnYC1Vf/45/my8Q84Vj6wvcaxUlQLXE/lNf+buJUSOF6mQXsNZKW8bWEN6bBV//i77hegyTRo5anamziqVV/lI6a3k+UJAJpVGm7FguqqWuHvy6j4B/CFyrUBbic/p81bdeRin4q1/Xtx1z9AR/Xz2reTJQsnBObLlb6VT5J8GfUlAO5QuTZAL/l5jejmyMbMVTqMSWYpALhDPqarLAXcJD/vixbGyJR/bm/s/S6qJrMUlo0A7pGPadUbA+9KlgTUC7i+LLus9mxklsKuf4AH+qFlpendm3xqednCZWX0vMpGvy/zugWAR6h6d/tDYm/A5ay21n87jvwBPFHO3fca1hWSqWq7vp8us0C/tvT+bVdI9ikA8EQrbgr8MvkQWAN+uOwBWaE89NeSTX/ZrAjAM6y4KbCXdAQyqqUvnaSVZ3xukg2h9oEAXEgKvqy6DvxlslFQR+C/8uFfdYNfL5Z9AC5slfsCHprcCHfyxyKdup0+/EnuIwDgCt639BrelZP14pwaOGHaOMf5crpj5c19d0WlP4AryqbA1arAPSaZFchMx05V4/I7S5Gk3X9vjn0CXNnunYCbZESZD+eKZYazAz7LG9nUt8vejbuSj78d/wCDnNIJuEmWCfIxTVW5irMDNx/8FL7JB7H3d9gxPv4AE5zWCbidrKFnP0TW03OiYGSnIB+8/D+zVHHaB/92Up/Cxx9gkpM7Ab3ko5Slg+xGz/JBPtQ3eUgn4ebjfpPMOOTPSmGeHF/s/T9PTJ45a/4Ak6Uh3qGAjKwRH3+AYnQC5Nrx8QcoSidArhUff4DidALk0vHxB1iEToBcKj7+AIvJEbndi9DIdaO2P8CicuHMDlcJy9jkSt8fWwBYWM62Zxq319CLfJnUUlix/DIAd8h0bq/BF7lJKhta7wfYUKrbZXq31/jLuckzkaqHAGwsJXEzzdv7EMh5yb0KL1sAOECmeTPd2/sgyDnJHQem/AEOlCtsLQmclxwPzW2GABwqR71Ovc725PzWkjoRRv8Ah8mGLx9+yexPToe41x9gYxnt5Y78jP56HwM5N1kSyJ6QbBAFYBMZ3WW6V0VAeUhyj4RCQAALy2gu07s2+clT8kvL9y0ALCIj/nctLgKSSyQdATMCAMXlaJepfrlGskfAZkGAYlLi165+uXaynJT9JABMlhKumaLtNdYi10rKB7suGGCCTMUq5Suz86nFRkGAQTIFa2e/VMr7FjUEAK4k0/1u8ZOqSac0haYAuKC3LY71yQr52GI2AOCZjPplxZgNAHii1O1PMZ9e4yqySswGADzCq5Ycs+o1qCKrxWwAwD2M+mXnmA0A6Mhav0p+snsyG/DXFgCaNIjO9ctJyUwXwLEy5a+a32XyW0uq0t0kd9rnKuTbSUcrdyZ8LSlv++V/lyI3t/9s+zMuk/xbulwIOE7WQh3ve1wyS5KPRj7I+TDnYz2zDG3+3+k05GdJRy4/m5sYH5f8e2XTK8AR8tEw5X93Mpr/0JIP682ofTX5qOVnz98hsxFmDe5OCly5YRDYXj4IvUbw5GQUmA9+joq9aNlVZn1et6RDkE5O79/i5OQZyLIYwFay1pljUL2G77Rk9iNXGGfUl9MPp0pn501LPnyWDv6TzJSc/EwAm0mDdvKIL1O86fzkPgPrvXfLnoJ0itI5Ovneh3QQs78DYGknr/dnk2NGuHZ6P16mwrMkcuqsUTpAqgcCy8p672kjucx0ZJ/Dzmv5o2XvQGYGTtxImGcJYClpsHsN2o7JDEc2tpnev74sJ+XI4Ul7BvJsASzhlOI+WavOLIed23NknTwfxxNmmbIU4jkDykoDlR3dvQZsl2S0n2lZl7rUkecuM067zwrkrgz7SYBy0jClElyv4doh+bjkw68Bri0b53Y+cZK/m2OCQBnZ8LbrBq18+DO6NP26lnQEdr1dMrNQM0tAA/whH/8dR1z5O+Uj4sO/tpQj3rEjoBMATLXjxz8zGc5f7yf1KHZbotIJAKbIWvhOH/98+DNaZG+7dQR0AoCh8vHfZVo1R8hSotdU/1lyfHOXUwM6AcAQO338c47fcb5z5Vl+19J7NlZLZuNUnwSuZpePf6b7XbbCjYyec29D71lZKToBwFXs8PE33c/XZPPn6ssCOgHARe3w8U8pVQ0j98mzvnopa50A4GJWvpI1jaHpfh5r9WWBdNjTmQF4svctvQZmheSiGNP9PEfKP/eerRWSjjvAk6x6pW/W+hXz4VJSO2DVvQFZzgB4lEyb9xqU6skOf5elcGk5LrpqAaF05AEeJB/QFBfpNSaVY8qfa1t1ScA+GOBeGelk41yvEakaU/6MtOKSgGqBwFdl9LzazmdT/syw4pJAOvYqXwJdH1p6DUfVmPJnttWWBNLB984A/yMV8noNRtW8aYEKsr6eZajec1oxuQMD4A9Z0+w1FBWThtaGJqrJ+vpKG2edDAD+WBNcZUNTGthXLVBRyu+usoE2HWnvEhxulTK/aVjtYqa6dKhXuTcjG2jtB4BDrVLpLw2Vy01YRWrwr3JCIBtpgcNk+m+FjUsuNWFFGVmvcqpGDQ04SBqnFdYqszxhipKVrXCZVgYCamnAITLt12sIKsUZf3axQq0A9QHgAJnu6zUAlWJdkt2s8N65ORA2lmm+6uv+Pv7saoViW39tATZU/XiSNX92966l9+xXSWqCuC8ANlP9yF86Jz7+nKD6HhyzcLCR9OgrT/3nnL+jfpwiHd3qBbhSHhzYQC7/6L3kFZLjiIr8cJp0Aipfva1KIGwgm3p6L3iFpLa/88ecKrNe+dD23o0KyfFFYFHpwVe96MdlJFD7AiEFgmBhOdfbe7FnJw2LK33hP/KRrXqVcO40ABaTm/N6L3SFvGkB/qvy3RzuCoDFVD3z74gR9FU9qqs2ACykasUxO4vh66qe2NFxhwVUPfNvQxHcLycDqm4KzLIiUFjVjX/WEeFhqu4HyOwEUFTV0b/pQ3icqvsBVAiEoiqO/q37w9NU3A+QzcVAMRWP/Vn3h6fLjF7FQl6uDIZiKo4WrPvD82TKvfduzYxZACik4ujfuj9cRmry996xmTELAEVUG/1b94fLSkne3rs2K95xKKDibX/q/MNlZZav2gmfnFQAJqpW8tdZYbiOdy29d25WskHRLABMUm30nxGKmuFwHfnYVjsVYBYAJvnY0nspZ0VjANdVrdOfvQDAYNV2/mcpwnQgXF+1Tb9OBMBg71t6L+OsKBEKY7xoqbQhMDORwCDVav5/aAHGqXblt5sCYZBKhUFs/IPxstyW9ffeOzkjCn/BANV2Atv4B3Ok3kbvnZwRAwEYIPX1ey/gjNj4B3Nl+a33bs5IZiaBK6pU+MfuX5ir0n4ghYHgiipN+bkRDGqodCLoTQtwBZXO/xr9Qw2VaoIYGMAVZKqv98LNiJccaqk0OHjVAlxQdtv3XrYZed0C1FFpFuDvLcAFfW7pvWyjY6MP1FRlFiBtBHAhL1t6L9qMOPcPNVWaBciGZeACqlT+M/qH2qrMAqgMCBfyW0vvJRsdo3+orcp1walNYLAAz5Qdtb0XbHSM/mENVYqF2SwMz1SlyIfRP6yhyixAliOAZ8jIu/dyjUym875tAdZQ4aZA7QY8Q5XSv+77h7VU2TisNDA8UXbS9l6q0XGkB9byoqX3Lo/OpxbgCX5v6b1UI2PzH6wpH9/eOz06lgHgkaoU9VDWE9aU6ffeOz06Lg6DR6qyhpeOCLCejLyzEa/3Xo+MokDwSBWm77KTGFhXhcqAKWQGPFDW3Cv03N+2AOuqUhMgmxKBB6hy/O+7FmBdGUxU2EzsOCA8UDbe9V6ikfnYAqyvQjVRVQHhgSrU8v5bC7C+CveJZBYCuEem3Xsv0Mi4yQv2UuFG0XREgK/IyLv38oyM6TrYS4VlxRxtBr6iQvlfN//BXiqcBlAWGO5RYapO8R/YS4oC9d71kbG0CF9R4SVVtAP2VKG4mMEF3OGHlt5LMzLKdsKeKpQXd7oI7pC1995LMzJeUNhThQGGy8XgDh9aei/NyCjZCXuqUGL8cwvQMbsAkPV/2NvsfQAKAkFHeue9F2ZkrP/D3irsA3jZAtxSoVzn6xZgX9oZKCi3ZfVelpHJMURgb7NvB3zXAtwy+8au7D8A9pdS3702YFTcNApfmL0BMB0QYH9vW3ptwKjYCAi3VDieo/4/nKHCvQC59RRocva+95KMzI8twP5SjrfXBoxMihIBTYUKXY7mwBkqHDlWcRT+lJeh95KMDHCO2beOph4B0MwuzvFrC3CO7MTvtQWjougY/CkvQ+8lGZUcCwLOMfvYcUoSA83s+txu6IKzzL551L0j8KdMwfdeklFJFULgHDn102sLRiXHnoFmdg0ARwDhLDn102sLRkYtAI6Xl6D3coyMFxHO02sLRiYXE8HRZt/OZSoOzjR76dGtgBwvL0Hv5RgVlwDBmWZfCpQ7CeBosy/mcBwHzjT7+LELyDje7CJAH1qA8+Re/l6bMCqKAXG8nMHvvRyj4iWEMxl8wGSzp+EUAYIzzS4GZPmR483uALiUA840+xIyHQCOpwMAzKADAJPNvgfAvdxwph9aem3CqLiFlOPpAAAzzO4AuBCI483uALgHAM40+z4AHQCOl0p8vZdjVDIKAM7zoqXXJozKv1rgaOkF916OUXEhB5ypwkVkcLTZHYCMAoAz9dqEkYGj6QAAs/TahJEBAAAAAAAAAAAAAAAAAAAAAAAAAAAAAAAAAAAAAAAAAAAAAAAAAAAAAAAAAAAAAAAAAAAAAAAAAAAAAAAAAAAAAAAAAAAAAAAAAAAAAAAAAAAAAAAAAAAAAAAAAAAAAAAAAAAAAAAAAAAAAAAAAAAAAAAAAAAAAAAAAAAAAAAAAAAAAAAAAAAAAAAAAAAAAAAAAAAAAAAAAAAAAAAAAADY0Dff/D97gEa+fSzJ9gAAAABJRU5ErkJggg==', 0, 3),
(147, 'Radhia', 'Gadhoum', 'RadhiaGadhoum@yahoo.com', '$2a$12$K1iyt0bSTvPHYHXnYft00e2CyTQNPQ3lUWEiVn7zwroB.ytyy9KbS', 'employee', 0, 0, 'iVBORw0KGgoAAAANSUhEUgAAAgAAAAIACAYAAAD0eNT6AAAAAXNSR0IArs4c6QAAAARnQU1BAACxjwv8YQUAAAAJcEhZcwAADsMAAA7DAcdvqGQAABuhSURBVHhe7d0rlF63uQbgsMLAQEPDQMPAwELDQsNAwzDDQsNCw0BDQ8PCwMDCwNJz9KaZ1amXxnP7f+mT9DxrvTDO2LO3tq6fvgEAAAAAAAAAAAAAAAAAAAAAAAAAAAAAAAAAAAAAAAAAAAAAAAAAAAAAAAAAAAAAAAAAAAAAAAAAAAAAAAAAAAAAAAAAAAAAAAAAAAAAAAAAAAAAAAAAAAAAAAAAAAAAAAAAAAAAAAAAAAAAAAAAAAAAAAAAAAAAAAAAAAAAAAAAAAAAAAAAAAAAAAAAAAAAAAAAAAAAAAAAAAAAAAAAAADu9aLlh5YfW37u5NMD867ly//2ry35s1+2AAATvGrJBzkf5l9aPrf83+D8s+VjS36G1y3pHAAAF/CXlpvRfEbmv7X0PsaV8q+Wm1mEdFK+bQEA7pEPfj6eM0b110pmC/7ekg5BOjUAcLxMnd+M8Hsfzx2Tzk06Oens6BAAcIR88LJmnrX73sfxxKTz87cWywUAbCcb9963/N7S+wjKN9/8u+UfLZkZAIBl5VhepvdX2LxXLdlMmH0Djh0CsIRMY79p2WkT3+z82vJTy3ctAFBKPk4ZsWYau/cRk8skSwSZWQGAqfIx8uEfn3QELA8AMFw+/PkI9T5OMi45TfF9CwBcVUadPvz1ko5ATloAwEXlw+/sfv2kpoCOAADPll39qVrX+9hI3WSWxqkBAJ4ktetzHr33gZH6SdGlHMkEgAfJBr9cddv7qMh6SU0GywIA3Cl1+t+2ONK3Z1KK2X0DAPyP1J9Pxbneh0P2SZZ0cvEQAIfLiNCxvvOSZQGbBAEOlQIyRv3nJpsE3TwIcJjsDrfWL0mOeQKwuUz5f2jpfQjk3GRJwCVDAJsy5S9fS5YEUvsBgI2Y8peHJrc75kgoAAsz5S9PiSUBgIXl4//Pll4DL3Jffmtx1TDAYjJ6SwPea9hFHprsC1BGGGARGbW5xEculewdUS8AoLg01Bm19RpykedECWGAol632Okv10wuiwKgkBzz6zXYIpeOyoEARfzc0muoT02WQD615JKj/NvcJDMkP9yTFMK5/d/kCt38WfZU/G/ybwvARPlI9RroE5Kqhr+03P64X7uAze1OQuornHzMUicAYJLTpv1zrDEj8nzsK11lm3oL6RSkgt5pHQLLAQCD5SPYa5B3SqbyM8rM7vOVqtLd7hCcUIvBxkCAQXLUb+fd/plaTwdnF1k2SEdm5+OZjggCXFmK/Oz4IUnt+SxpZPS8q+xPSMcm+xZ6/wYrR7EggCvKNPhOu9Hz0cg0+YmXzmQPQ6bOd/t9ujsA4MLywdhlPTkzGNlFX2kj3yyZFfipZZeOQH63L1sAuIBdbvW7+fDvPM3/VDcdgR06efk7uEoY4AJWXzPO6DYft2uf0d9FNtSt3hHIng6/b4BnyIez18CukqzxG/E/Xj6emS1Z+bRHfvcAPEHuYV/1A5ARoA1hz5ep9I8tvX/jFZJ6CAA8QkbNK04DZ50/x/m4rHxIV9womOfBfgCAR1hx3T/Fbkz3X0+WBVJ6t/dvXzn2AwA80Grr/hnlmeodJ0tDq80G2A8AcI/V1v0zujPFO15mWlbbG6CTCHCH1db9czOfqd25clKg97upGPsBAO6QS3B6DWe1pCHf6bKe1eWyoVWWBDJjBMAtuUil12BWS2YolHqtJ2WVV6kW6ZQIwJ8yjb7C1H8+MHb515XnaIV9AZlBcg8EQLPCOm4+LNb715DjmL3fYaXkZwQ4WqbTq+/6T2Pt47+WFeoFZO8CwLGqT9nmQ8Kastbe+51WSZaUdCyBI2Unfa9hrJIsTbC23CzY+91WydsWgKNkM13lo1tG/vuo3AnI8pfaAMBRUhq11yBWiA1a+6m80TT3XgAcIdfk9hrCCrHbf1+p3Nj7nVeIMsHAEare9GdT1v6qVpvMswewtaqj/xQiUuRnf+ngVT15YhYA2FrF0b9LWs6STsCvLb1nYWbMAgDbqjr6N/I6T9UCVJ5FYEsVR/85jcCZKh4PNAsAbCcjrl6DNzO5mtWmv7NV3BSYmzEBtlHt3L91fyIbP6vdRKkuALCNXH1abb3VWis3XrVUez6zXwZgedVG/ykIA7elJn/vWZkVswDA8qqN/nP/gPP+fCl7QbIBr/fMzIpZAGBpP7X0GrdZyc5v6Mn9/L1nZlacUAGWVmlU9akFvqbSqYDMVjmlAiypUuGfLEOYUuU+WbLKCZHeMzQjNqsCS8qd+r1GbUZMp/JQlZatMiMBsJxMYfYatdExlcpjVVm6ysyVTavAUlLNrNegzUhGdPAYmXrvPUsz8qYFYBn/aOk1ZqNj9M9TVZkFsHkVWEY+uFXO/hv981SVZgGUrQaWUOWWNaN/nqvKLMDPLQDlZcqy14iNjtE/z1VlFiAXFgGUlh3LvQZsdOye5lKqnGZRxwIorcqIybl/LqVKXQAzWkBpVW7+S0U3uITsI6lQHdANgUBpFTZNOTbFpVU41ppOCEBJVdb/3fjHpVW5KdA+AKCkCuv/2fzn6B/XkJ34vWduZOwDAEqqsP7v8hSupcLlVvYBACVVWP/PHQRwDS9bes/cyNgHAJRTYf0/57Xhmj639J69kbEPACilwvr/+xa4prctvWdvZOwDAEqpsP6fTghcU0bfvWdvZOwDAEqpMDWq9C8jzC4KZKkLKGV2o5gNiDBCRuC9Z3BkdHaBEipsAFT7n1Eq3A1gIyBQwquWXiM1Mtb/GaXCPoDXLQDTvWnpNVIjY0qUkWYveaUoEcB0s08AWP9ntNn7AJwEAEr42NJrpEbF+X9Gm10P4NcWgOnSGPUaqVFRGIXRZhe+yqVXAFPl5r1eAzUyNgAyWoWNgLmbAGAaDSEn0vEFjpfjSL3GaWTSGMNoqcjXex5HJfsQAKb5W0uvcRoVm6GYZfbm159bAKZJI9RrnEYljTDMkNMnvWdyVP7RAjDN7A6AEsDMMrsksA4AMNXsIkCmQZll9vKXYkDAVBmF9BqnUUkjDDP80NJ7JkflUwvANDoAnEoHADhaGqFe4zQqzkIzy+waGL+1AEwzuwOQURjM8KKl90yOig4AMFVu4us1TqPyqgVm+K6l90yOSq4kBpgmo5Be4zQqGYXBLL1ncmQAptEB4GS9Z3JkAKaZXQ8907AwS++ZHBmAacwAcLLeMzkyANPM7gDkKBbM8G1L75kcGYBpchtfr2EaFccAmWX2McB/twBMM7sOwI8tMMPLlt4zOSrqAABTze4AKAXMLLNLAesAAFPpAHAqHQDgaB9aeo3TqLxtgRlet/SeyVH53AIwzfuWXuM0Ku9aYIY3Lb1nclQ+tgBM83NLr3EalV9aYIa/t/SeyVHJVdwA08weBeUyIpghnc/eMzkqZr+AqXIff69xGhVnoZlldg2Mn1oAppm9EzpRDpgZes/iyDgBA0w1uxpaohgQo80uApSogglMVaEeevYhwEjpdPaexZFJJwRgqtlXAmc3NoyU9ffeszgyf2kBmCrnkXsN1KikGiGMlCN4vWdxVLIBEWC62eehcxLAaIiRZl+Drf4FUMLsWgCJDVGMUmHjqxoAQAmvWnqN1MikIiGMkON3vWdwZHIPAcB0FU4C2AfAKLPX/5PvWwBKmL0mah8Ao3jWAW6ZXRc9sQ+Aa6uw/u/+C6CUCuei7QPg2iqs/6t7AZSSNcleYzUyRkZcW4WZrlzABVBG1iSzNtlrsEZGeVSuJZtdKzzjLr8CyslO/F6DNTLOR3MtFepdZAMiQDlZg+81WiOTewngGj639J65kckRRIBysgu/12iNjtMAXFqF3f9JNiEClJN9AL+39BqukTFK4tIqzG4l1v+BsirsklYohUubXfwnccoFKK3COelErXQupcrSlvP/QGnftfQar9ExWuJSKsxqJfa2AOXl49trwEZHwRSeq0KBq8SyFrCEKhumzALwXFVG//k5AMpLNb5eIzYjZgF4qiqj/8SeFmAZVZYBzALwVFVG/zlaa/ofWMbbll5jNiNmAXisSqN/dS2ApVQ5DZCYBeCxqoz+E7v/geV8bOk1aDOSi1zgIX5s6T1DM+LyH2BJVYoCJbkkKLMS8DVZa/+1pfcMzUhO1AAsJ41phfvTb/K+Bb6myhHWm+i0AstK+dJewzYrr1qgJxftVOqwOvsPLK1STYDEhkDuUmnjX2LzH7C8ag3rTy1wW46K9p6VWdFRBbZQrXHNNG9mJiCyzp5Nor1nZVacWgG2UWlndZKfR3U14lNL7xmZlXRGPJvANjLt3mvsZkaFNart+k/c+w9sJSOaatOsSWoVcKacCKm06z/Jz+PoH7CdirMA9gOc6duWVNnrPRMzY/QPbKnqLID9AOepdjIlMfoHtlZxFiDJvQWcoeK6f2L0D2yt6ixAYlPg/qp2QI3+gSPkjHOvEawQl6/sq9LlVF/mXQvAET639BrCClGEZT+54rfajv+bZDOiPSjAMb5vqdogJ6leyB6qP2vpnAAcJdOevQaxQvLB0DCvLx//31t6v+MK+dACcJxMe1Y8i30TnYC1Vf/45/my8Q84Vj6wvcaxUlQLXE/lNf+buJUSOF6mQXsNZKW8bWEN6bBV//i77hegyTRo5anamziqVV/lI6a3k+UJAJpVGm7FguqqWuHvy6j4B/CFyrUBbic/p81bdeRin4q1/Xtx1z9AR/Xz2reTJQsnBObLlb6VT5J8GfUlAO5QuTZAL/l5jejmyMbMVTqMSWYpALhDPqarLAXcJD/vixbGyJR/bm/s/S6qJrMUlo0A7pGPadUbA+9KlgTUC7i+LLus9mxklsKuf4AH+qFlpendm3xqednCZWX0vMpGvy/zugWAR6h6d/tDYm/A5ay21n87jvwBPFHO3fca1hWSqWq7vp8us0C/tvT+bVdI9ikA8EQrbgr8MvkQWAN+uOwBWaE89NeSTX/ZrAjAM6y4KbCXdAQyqqUvnaSVZ3xukg2h9oEAXEgKvqy6DvxlslFQR+C/8uFfdYNfL5Z9AC5slfsCHprcCHfyxyKdup0+/EnuIwDgCt639BrelZP14pwaOGHaOMf5crpj5c19d0WlP4AryqbA1arAPSaZFchMx05V4/I7S5Gk3X9vjn0CXNnunYCbZESZD+eKZYazAz7LG9nUt8vejbuSj78d/wCDnNIJuEmWCfIxTVW5irMDNx/8FL7JB7H3d9gxPv4AE5zWCbidrKFnP0TW03OiYGSnIB+8/D+zVHHaB/92Up/Cxx9gkpM7Ab3ko5Slg+xGz/JBPtQ3eUgn4ebjfpPMOOTPSmGeHF/s/T9PTJ45a/4Ak6Uh3qGAjKwRH3+AYnQC5Nrx8QcoSidArhUff4DidALk0vHxB1iEToBcKj7+AIvJEbndi9DIdaO2P8CicuHMDlcJy9jkSt8fWwBYWM62Zxq319CLfJnUUlix/DIAd8h0bq/BF7lJKhta7wfYUKrbZXq31/jLuckzkaqHAGwsJXEzzdv7EMh5yb0KL1sAOECmeTPd2/sgyDnJHQem/AEOlCtsLQmclxwPzW2GABwqR71Ovc725PzWkjoRRv8Ah8mGLx9+yexPToe41x9gYxnt5Y78jP56HwM5N1kSyJ6QbBAFYBMZ3WW6V0VAeUhyj4RCQAALy2gu07s2+clT8kvL9y0ALCIj/nctLgKSSyQdATMCAMXlaJepfrlGskfAZkGAYlLi165+uXaynJT9JABMlhKumaLtNdYi10rKB7suGGCCTMUq5Suz86nFRkGAQTIFa2e/VMr7FjUEAK4k0/1u8ZOqSac0haYAuKC3LY71yQr52GI2AOCZjPplxZgNAHii1O1PMZ9e4yqySswGADzCq5Ycs+o1qCKrxWwAwD2M+mXnmA0A6Mhav0p+snsyG/DXFgCaNIjO9ctJyUwXwLEy5a+a32XyW0uq0t0kd9rnKuTbSUcrdyZ8LSlv++V/lyI3t/9s+zMuk/xbulwIOE7WQh3ve1wyS5KPRj7I+TDnYz2zDG3+3+k05GdJRy4/m5sYH5f8e2XTK8AR8tEw5X93Mpr/0JIP682ofTX5qOVnz98hsxFmDe5OCly5YRDYXj4IvUbw5GQUmA9+joq9aNlVZn1et6RDkE5O79/i5OQZyLIYwFay1pljUL2G77Rk9iNXGGfUl9MPp0pn501LPnyWDv6TzJSc/EwAm0mDdvKIL1O86fzkPgPrvXfLnoJ0itI5Ovneh3QQs78DYGknr/dnk2NGuHZ6P16mwrMkcuqsUTpAqgcCy8p672kjucx0ZJ/Dzmv5o2XvQGYGTtxImGcJYClpsHsN2o7JDEc2tpnev74sJ+XI4Ul7BvJsASzhlOI+WavOLIed23NknTwfxxNmmbIU4jkDykoDlR3dvQZsl2S0n2lZl7rUkecuM067zwrkrgz7SYBy0jClElyv4doh+bjkw68Bri0b53Y+cZK/m2OCQBnZ8LbrBq18+DO6NP26lnQEdr1dMrNQM0tAA/whH/8dR1z5O+Uj4sO/tpQj3rEjoBMATLXjxz8zGc5f7yf1KHZbotIJAKbIWvhOH/98+DNaZG+7dQR0AoCh8vHfZVo1R8hSotdU/1lyfHOXUwM6AcAQO338c47fcb5z5Vl+19J7NlZLZuNUnwSuZpePf6b7XbbCjYyec29D71lZKToBwFXs8PE33c/XZPPn6ssCOgHARe3w8U8pVQ0j98mzvnopa50A4GJWvpI1jaHpfh5r9WWBdNjTmQF4svctvQZmheSiGNP9PEfKP/eerRWSjjvAk6x6pW/W+hXz4VJSO2DVvQFZzgB4lEyb9xqU6skOf5elcGk5LrpqAaF05AEeJB/QFBfpNSaVY8qfa1t1ScA+GOBeGelk41yvEakaU/6MtOKSgGqBwFdl9LzazmdT/syw4pJAOvYqXwJdH1p6DUfVmPJnttWWBNLB984A/yMV8noNRtW8aYEKsr6eZajec1oxuQMD4A9Z0+w1FBWThtaGJqrJ+vpKG2edDAD+WBNcZUNTGthXLVBRyu+usoE2HWnvEhxulTK/aVjtYqa6dKhXuTcjG2jtB4BDrVLpLw2Vy01YRWrwr3JCIBtpgcNk+m+FjUsuNWFFGVmvcqpGDQ04SBqnFdYqszxhipKVrXCZVgYCamnAITLt12sIKsUZf3axQq0A9QHgAJnu6zUAlWJdkt2s8N65ORA2lmm+6uv+Pv7saoViW39tATZU/XiSNX92966l9+xXSWqCuC8ANlP9yF86Jz7+nKD6HhyzcLCR9OgrT/3nnL+jfpwiHd3qBbhSHhzYQC7/6L3kFZLjiIr8cJp0Aipfva1KIGwgm3p6L3iFpLa/88ecKrNe+dD23o0KyfFFYFHpwVe96MdlJFD7AiEFgmBhOdfbe7FnJw2LK33hP/KRrXqVcO40ABaTm/N6L3SFvGkB/qvy3RzuCoDFVD3z74gR9FU9qqs2ACykasUxO4vh66qe2NFxhwVUPfNvQxHcLycDqm4KzLIiUFjVjX/WEeFhqu4HyOwEUFTV0b/pQ3icqvsBVAiEoiqO/q37w9NU3A+QzcVAMRWP/Vn3h6fLjF7FQl6uDIZiKo4WrPvD82TKvfduzYxZACik4ujfuj9cRmry996xmTELAEVUG/1b94fLSkne3rs2K95xKKDibX/q/MNlZZav2gmfnFQAJqpW8tdZYbiOdy29d25WskHRLABMUm30nxGKmuFwHfnYVjsVYBYAJvnY0nspZ0VjANdVrdOfvQDAYNV2/mcpwnQgXF+1Tb9OBMBg71t6L+OsKBEKY7xoqbQhMDORwCDVav5/aAHGqXblt5sCYZBKhUFs/IPxstyW9ffeOzkjCn/BANV2Atv4B3Ok3kbvnZwRAwEYIPX1ey/gjNj4B3Nl+a33bs5IZiaBK6pU+MfuX5ir0n4ghYHgiipN+bkRDGqodCLoTQtwBZXO/xr9Qw2VaoIYGMAVZKqv98LNiJccaqk0OHjVAlxQdtv3XrYZed0C1FFpFuDvLcAFfW7pvWyjY6MP1FRlFiBtBHAhL1t6L9qMOPcPNVWaBciGZeACqlT+M/qH2qrMAqgMCBfyW0vvJRsdo3+orcp1walNYLAAz5Qdtb0XbHSM/mENVYqF2SwMz1SlyIfRP6yhyixAliOAZ8jIu/dyjUym875tAdZQ4aZA7QY8Q5XSv+77h7VU2TisNDA8UXbS9l6q0XGkB9byoqX3Lo/OpxbgCX5v6b1UI2PzH6wpH9/eOz06lgHgkaoU9VDWE9aU6ffeOz06Lg6DR6qyhpeOCLCejLyzEa/3Xo+MokDwSBWm77KTGFhXhcqAKWQGPFDW3Cv03N+2AOuqUhMgmxKBB6hy/O+7FmBdGUxU2EzsOCA8UDbe9V6ikfnYAqyvQjVRVQHhgSrU8v5bC7C+CveJZBYCuEem3Xsv0Mi4yQv2UuFG0XREgK/IyLv38oyM6TrYS4VlxRxtBr6iQvlfN//BXiqcBlAWGO5RYapO8R/YS4oC9d71kbG0CF9R4SVVtAP2VKG4mMEF3OGHlt5LMzLKdsKeKpQXd7oI7pC1995LMzJeUNhThQGGy8XgDh9aei/NyCjZCXuqUGL8cwvQMbsAkPV/2NvsfQAKAkFHeue9F2ZkrP/D3irsA3jZAtxSoVzn6xZgX9oZKCi3ZfVelpHJMURgb7NvB3zXAtwy+8au7D8A9pdS3702YFTcNApfmL0BMB0QYH9vW3ptwKjYCAi3VDieo/4/nKHCvQC59RRocva+95KMzI8twP5SjrfXBoxMihIBTYUKXY7mwBkqHDlWcRT+lJeh95KMDHCO2beOph4B0MwuzvFrC3CO7MTvtQWjougY/CkvQ+8lGZUcCwLOMfvYcUoSA83s+txu6IKzzL551L0j8KdMwfdeklFJFULgHDn102sLRiXHnoFmdg0ARwDhLDn102sLRkYtAI6Xl6D3coyMFxHO02sLRiYXE8HRZt/OZSoOzjR76dGtgBwvL0Hv5RgVlwDBmWZfCpQ7CeBosy/mcBwHzjT7+LELyDje7CJAH1qA8+Re/l6bMCqKAXG8nMHvvRyj4iWEMxl8wGSzp+EUAYIzzS4GZPmR483uALiUA840+xIyHQCOpwMAzKADAJPNvgfAvdxwph9aem3CqLiFlOPpAAAzzO4AuBCI483uALgHAM40+z4AHQCOl0p8vZdjVDIKAM7zoqXXJozKv1rgaOkF916OUXEhB5ypwkVkcLTZHYCMAoAz9dqEkYGj6QAAs/TahJEBAAAAAAAAAAAAAAAAAAAAAAAAAAAAAAAAAAAAAAAAAAAAAAAAAAAAAAAAAAAAAAAAAAAAAAAAAAAAAAAAAAAAAAAAAAAAAAAAAAAAAAAAAAAAAAAAAAAAAAAAAAAAAAAAAAAAAAAAAAAAAAAAAAAAAAAAAAAAAAAAAAAAAAAAAAAAAAAAAAAAAAAAAAAAAAAAAAAAAAAAAAAAAAAAAADY0Dff/D97gEa+fSzJ9gAAAABJRU5ErkJggg==', 0, 3),
(148, 'Hamza', 'Ammar', 'hamzaammar@hotmail.com', '$2a$12$kMpkqUvRNQoG/5R/JaEnWekcOgtZJfyJhGpALBGnFjXtFdCNhK97a', 'employee', 100, 0, 'iVBORw0KGgoAAAANSUhEUgAAAgAAAAIACAYAAAD0eNT6AAAAAXNSR0IArs4c6QAAAARnQU1BAACxjwv8YQUAAAAJcEhZcwAADsMAAA7DAcdvqGQAABuhSURBVHhe7d0rlF63uQbgsMLAQEPDQMPAwELDQsNAwzDDQsNCw0BDQ8PCwMDCwNJz9KaZ1amXxnP7f+mT9DxrvTDO2LO3tq6fvgEAAAAAAAAAAAAAAAAAAAAAAAAAAAAAAAAAAAAAAAAAAAAAAAAAAAAAAAAAAAAAAAAAAAAAAAAAAAAAAAAAAAAAAAAAAAAAAAAAAAAAAAAAAAAAAAAAAAAAAAAAAAAAAAAAAAAAAAAAAAAAAAAAAAAAAAAAAAAAAAAAAAAAAAAAAAAAAAAAAAAAAAAAAAAAAAAAAAAAAAAAAAAAAAAAAADu9aLlh5YfW37u5NMD867ly//2ry35s1+2AAATvGrJBzkf5l9aPrf83+D8s+VjS36G1y3pHAAAF/CXlpvRfEbmv7X0PsaV8q+Wm1mEdFK+bQEA7pEPfj6eM0b110pmC/7ekg5BOjUAcLxMnd+M8Hsfzx2Tzk06Oens6BAAcIR88LJmnrX73sfxxKTz87cWywUAbCcb9963/N7S+wjKN9/8u+UfLZkZAIBl5VhepvdX2LxXLdlMmH0Djh0CsIRMY79p2WkT3+z82vJTy3ctAFBKPk4ZsWYau/cRk8skSwSZWQGAqfIx8uEfn3QELA8AMFw+/PkI9T5OMi45TfF9CwBcVUadPvz1ko5ATloAwEXlw+/sfv2kpoCOAADPll39qVrX+9hI3WSWxqkBAJ4ktetzHr33gZH6SdGlHMkEgAfJBr9cddv7qMh6SU0GywIA3Cl1+t+2ONK3Z1KK2X0DAPyP1J9Pxbneh0P2SZZ0cvEQAIfLiNCxvvOSZQGbBAEOlQIyRv3nJpsE3TwIcJjsDrfWL0mOeQKwuUz5f2jpfQjk3GRJwCVDAJsy5S9fS5YEUvsBgI2Y8peHJrc75kgoAAsz5S9PiSUBgIXl4//Pll4DL3Jffmtx1TDAYjJ6SwPea9hFHprsC1BGGGARGbW5xEculewdUS8AoLg01Bm19RpykedECWGAol632Okv10wuiwKgkBzz6zXYIpeOyoEARfzc0muoT02WQD615JKj/NvcJDMkP9yTFMK5/d/kCt38WfZU/G/ybwvARPlI9RroE5Kqhr+03P64X7uAze1OQuornHzMUicAYJLTpv1zrDEj8nzsK11lm3oL6RSkgt5pHQLLAQCD5SPYa5B3SqbyM8rM7vOVqtLd7hCcUIvBxkCAQXLUb+fd/plaTwdnF1k2SEdm5+OZjggCXFmK/Oz4IUnt+SxpZPS8q+xPSMcm+xZ6/wYrR7EggCvKNPhOu9Hz0cg0+YmXzmQPQ6bOd/t9ujsA4MLywdhlPTkzGNlFX2kj3yyZFfipZZeOQH63L1sAuIBdbvW7+fDvPM3/VDcdgR06efk7uEoY4AJWXzPO6DYft2uf0d9FNtSt3hHIng6/b4BnyIez18CukqzxG/E/Xj6emS1Z+bRHfvcAPEHuYV/1A5ARoA1hz5ep9I8tvX/jFZJ6CAA8QkbNK04DZ50/x/m4rHxIV9womOfBfgCAR1hx3T/Fbkz3X0+WBVJ6t/dvXzn2AwA80Grr/hnlmeodJ0tDq80G2A8AcI/V1v0zujPFO15mWlbbG6CTCHCH1db9czOfqd25clKg97upGPsBAO6QS3B6DWe1pCHf6bKe1eWyoVWWBDJjBMAtuUil12BWS2YolHqtJ2WVV6kW6ZQIwJ8yjb7C1H8+MHb515XnaIV9AZlBcg8EQLPCOm4+LNb715DjmL3fYaXkZwQ4WqbTq+/6T2Pt47+WFeoFZO8CwLGqT9nmQ8Kastbe+51WSZaUdCyBI2Unfa9hrJIsTbC23CzY+91WydsWgKNkM13lo1tG/vuo3AnI8pfaAMBRUhq11yBWiA1a+6m80TT3XgAcIdfk9hrCCrHbf1+p3Nj7nVeIMsHAEare9GdT1v6qVpvMswewtaqj/xQiUuRnf+ngVT15YhYA2FrF0b9LWs6STsCvLb1nYWbMAgDbqjr6N/I6T9UCVJ5FYEsVR/85jcCZKh4PNAsAbCcjrl6DNzO5mtWmv7NV3BSYmzEBtlHt3L91fyIbP6vdRKkuALCNXH1abb3VWis3XrVUez6zXwZgedVG/ykIA7elJn/vWZkVswDA8qqN/nP/gPP+fCl7QbIBr/fMzIpZAGBpP7X0GrdZyc5v6Mn9/L1nZlacUAGWVmlU9akFvqbSqYDMVjmlAiypUuGfLEOYUuU+WbLKCZHeMzQjNqsCS8qd+r1GbUZMp/JQlZatMiMBsJxMYfYatdExlcpjVVm6ysyVTavAUlLNrNegzUhGdPAYmXrvPUsz8qYFYBn/aOk1ZqNj9M9TVZkFsHkVWEY+uFXO/hv981SVZgGUrQaWUOWWNaN/nqvKLMDPLQDlZcqy14iNjtE/z1VlFiAXFgGUlh3LvQZsdOye5lKqnGZRxwIorcqIybl/LqVKXQAzWkBpVW7+S0U3uITsI6lQHdANgUBpFTZNOTbFpVU41ppOCEBJVdb/3fjHpVW5KdA+AKCkCuv/2fzn6B/XkJ34vWduZOwDAEqqsP7v8hSupcLlVvYBACVVWP/PHQRwDS9bes/cyNgHAJRTYf0/57Xhmj639J69kbEPACilwvr/+xa4prctvWdvZOwDAEqpsP6fTghcU0bfvWdvZOwDAEqpMDWq9C8jzC4KZKkLKGV2o5gNiDBCRuC9Z3BkdHaBEipsAFT7n1Eq3A1gIyBQwquWXiM1Mtb/GaXCPoDXLQDTvWnpNVIjY0qUkWYveaUoEcB0s08AWP9ntNn7AJwEAEr42NJrpEbF+X9Gm10P4NcWgOnSGPUaqVFRGIXRZhe+yqVXAFPl5r1eAzUyNgAyWoWNgLmbAGAaDSEn0vEFjpfjSL3GaWTSGMNoqcjXex5HJfsQAKb5W0uvcRoVm6GYZfbm159bAKZJI9RrnEYljTDMkNMnvWdyVP7RAjDN7A6AEsDMMrsksA4AMNXsIkCmQZll9vKXYkDAVBmF9BqnUUkjDDP80NJ7JkflUwvANDoAnEoHADhaGqFe4zQqzkIzy+waGL+1AEwzuwOQURjM8KKl90yOig4AMFVu4us1TqPyqgVm+K6l90yOSq4kBpgmo5Be4zQqGYXBLL1ncmQAptEB4GS9Z3JkAKaZXQ8907AwS++ZHBmAacwAcLLeMzkyANPM7gDkKBbM8G1L75kcGYBpchtfr2EaFccAmWX2McB/twBMM7sOwI8tMMPLlt4zOSrqAABTze4AKAXMLLNLAesAAFPpAHAqHQDgaB9aeo3TqLxtgRlet/SeyVH53AIwzfuWXuM0Ku9aYIY3Lb1nclQ+tgBM83NLr3EalV9aYIa/t/SeyVHJVdwA08weBeUyIpghnc/eMzkqZr+AqXIff69xGhVnoZlldg2Mn1oAppm9EzpRDpgZes/iyDgBA0w1uxpaohgQo80uApSogglMVaEeevYhwEjpdPaexZFJJwRgqtlXAmc3NoyU9ffeszgyf2kBmCrnkXsN1KikGiGMlCN4vWdxVLIBEWC62eehcxLAaIiRZl+Drf4FUMLsWgCJDVGMUmHjqxoAQAmvWnqN1MikIiGMkON3vWdwZHIPAcB0FU4C2AfAKLPX/5PvWwBKmL0mah8Ao3jWAW6ZXRc9sQ+Aa6uw/u/+C6CUCuei7QPg2iqs/6t7AZSSNcleYzUyRkZcW4WZrlzABVBG1iSzNtlrsEZGeVSuJZtdKzzjLr8CyslO/F6DNTLOR3MtFepdZAMiQDlZg+81WiOTewngGj639J65kckRRIBysgu/12iNjtMAXFqF3f9JNiEClJN9AL+39BqukTFK4tIqzG4l1v+BsirsklYohUubXfwnccoFKK3COelErXQupcrSlvP/QGnftfQar9ExWuJSKsxqJfa2AOXl49trwEZHwRSeq0KBq8SyFrCEKhumzALwXFVG//k5AMpLNb5eIzYjZgF4qiqj/8SeFmAZVZYBzALwVFVG/zlaa/ofWMbbll5jNiNmAXisSqN/dS2ApVQ5DZCYBeCxqoz+E7v/geV8bOk1aDOSi1zgIX5s6T1DM+LyH2BJVYoCJbkkKLMS8DVZa/+1pfcMzUhO1AAsJ41phfvTb/K+Bb6myhHWm+i0AstK+dJewzYrr1qgJxftVOqwOvsPLK1STYDEhkDuUmnjX2LzH7C8ag3rTy1wW46K9p6VWdFRBbZQrXHNNG9mJiCyzp5Nor1nZVacWgG2UWlndZKfR3U14lNL7xmZlXRGPJvANjLt3mvsZkaFNart+k/c+w9sJSOaatOsSWoVcKacCKm06z/Jz+PoH7CdirMA9gOc6duWVNnrPRMzY/QPbKnqLID9AOepdjIlMfoHtlZxFiDJvQWcoeK6f2L0D2yt6ixAYlPg/qp2QI3+gSPkjHOvEawQl6/sq9LlVF/mXQvAET639BrCClGEZT+54rfajv+bZDOiPSjAMb5vqdogJ6leyB6qP2vpnAAcJdOevQaxQvLB0DCvLx//31t6v+MK+dACcJxMe1Y8i30TnYC1Vf/45/my8Q84Vj6wvcaxUlQLXE/lNf+buJUSOF6mQXsNZKW8bWEN6bBV//i77hegyTRo5anamziqVV/lI6a3k+UJAJpVGm7FguqqWuHvy6j4B/CFyrUBbic/p81bdeRin4q1/Xtx1z9AR/Xz2reTJQsnBObLlb6VT5J8GfUlAO5QuTZAL/l5jejmyMbMVTqMSWYpALhDPqarLAXcJD/vixbGyJR/bm/s/S6qJrMUlo0A7pGPadUbA+9KlgTUC7i+LLus9mxklsKuf4AH+qFlpendm3xqednCZWX0vMpGvy/zugWAR6h6d/tDYm/A5ay21n87jvwBPFHO3fca1hWSqWq7vp8us0C/tvT+bVdI9ikA8EQrbgr8MvkQWAN+uOwBWaE89NeSTX/ZrAjAM6y4KbCXdAQyqqUvnaSVZ3xukg2h9oEAXEgKvqy6DvxlslFQR+C/8uFfdYNfL5Z9AC5slfsCHprcCHfyxyKdup0+/EnuIwDgCt639BrelZP14pwaOGHaOMf5crpj5c19d0WlP4AryqbA1arAPSaZFchMx05V4/I7S5Gk3X9vjn0CXNnunYCbZESZD+eKZYazAz7LG9nUt8vejbuSj78d/wCDnNIJuEmWCfIxTVW5irMDNx/8FL7JB7H3d9gxPv4AE5zWCbidrKFnP0TW03OiYGSnIB+8/D+zVHHaB/92Up/Cxx9gkpM7Ab3ko5Slg+xGz/JBPtQ3eUgn4ebjfpPMOOTPSmGeHF/s/T9PTJ45a/4Ak6Uh3qGAjKwRH3+AYnQC5Nrx8QcoSidArhUff4DidALk0vHxB1iEToBcKj7+AIvJEbndi9DIdaO2P8CicuHMDlcJy9jkSt8fWwBYWM62Zxq319CLfJnUUlix/DIAd8h0bq/BF7lJKhta7wfYUKrbZXq31/jLuckzkaqHAGwsJXEzzdv7EMh5yb0KL1sAOECmeTPd2/sgyDnJHQem/AEOlCtsLQmclxwPzW2GABwqR71Ovc725PzWkjoRRv8Ah8mGLx9+yexPToe41x9gYxnt5Y78jP56HwM5N1kSyJ6QbBAFYBMZ3WW6V0VAeUhyj4RCQAALy2gu07s2+clT8kvL9y0ALCIj/nctLgKSSyQdATMCAMXlaJepfrlGskfAZkGAYlLi165+uXaynJT9JABMlhKumaLtNdYi10rKB7suGGCCTMUq5Suz86nFRkGAQTIFa2e/VMr7FjUEAK4k0/1u8ZOqSac0haYAuKC3LY71yQr52GI2AOCZjPplxZgNAHii1O1PMZ9e4yqySswGADzCq5Ycs+o1qCKrxWwAwD2M+mXnmA0A6Mhav0p+snsyG/DXFgCaNIjO9ctJyUwXwLEy5a+a32XyW0uq0t0kd9rnKuTbSUcrdyZ8LSlv++V/lyI3t/9s+zMuk/xbulwIOE7WQh3ve1wyS5KPRj7I+TDnYz2zDG3+3+k05GdJRy4/m5sYH5f8e2XTK8AR8tEw5X93Mpr/0JIP682ofTX5qOVnz98hsxFmDe5OCly5YRDYXj4IvUbw5GQUmA9+joq9aNlVZn1et6RDkE5O79/i5OQZyLIYwFay1pljUL2G77Rk9iNXGGfUl9MPp0pn501LPnyWDv6TzJSc/EwAm0mDdvKIL1O86fzkPgPrvXfLnoJ0itI5Ovneh3QQs78DYGknr/dnk2NGuHZ6P16mwrMkcuqsUTpAqgcCy8p672kjucx0ZJ/Dzmv5o2XvQGYGTtxImGcJYClpsHsN2o7JDEc2tpnev74sJ+XI4Ul7BvJsASzhlOI+WavOLIed23NknTwfxxNmmbIU4jkDykoDlR3dvQZsl2S0n2lZl7rUkecuM067zwrkrgz7SYBy0jClElyv4doh+bjkw68Bri0b53Y+cZK/m2OCQBnZ8LbrBq18+DO6NP26lnQEdr1dMrNQM0tAA/whH/8dR1z5O+Uj4sO/tpQj3rEjoBMATLXjxz8zGc5f7yf1KHZbotIJAKbIWvhOH/98+DNaZG+7dQR0AoCh8vHfZVo1R8hSotdU/1lyfHOXUwM6AcAQO338c47fcb5z5Vl+19J7NlZLZuNUnwSuZpePf6b7XbbCjYyec29D71lZKToBwFXs8PE33c/XZPPn6ssCOgHARe3w8U8pVQ0j98mzvnopa50A4GJWvpI1jaHpfh5r9WWBdNjTmQF4svctvQZmheSiGNP9PEfKP/eerRWSjjvAk6x6pW/W+hXz4VJSO2DVvQFZzgB4lEyb9xqU6skOf5elcGk5LrpqAaF05AEeJB/QFBfpNSaVY8qfa1t1ScA+GOBeGelk41yvEakaU/6MtOKSgGqBwFdl9LzazmdT/syw4pJAOvYqXwJdH1p6DUfVmPJnttWWBNLB984A/yMV8noNRtW8aYEKsr6eZajec1oxuQMD4A9Z0+w1FBWThtaGJqrJ+vpKG2edDAD+WBNcZUNTGthXLVBRyu+usoE2HWnvEhxulTK/aVjtYqa6dKhXuTcjG2jtB4BDrVLpLw2Vy01YRWrwr3JCIBtpgcNk+m+FjUsuNWFFGVmvcqpGDQ04SBqnFdYqszxhipKVrXCZVgYCamnAITLt12sIKsUZf3axQq0A9QHgAJnu6zUAlWJdkt2s8N65ORA2lmm+6uv+Pv7saoViW39tATZU/XiSNX92966l9+xXSWqCuC8ANlP9yF86Jz7+nKD6HhyzcLCR9OgrT/3nnL+jfpwiHd3qBbhSHhzYQC7/6L3kFZLjiIr8cJp0Aipfva1KIGwgm3p6L3iFpLa/88ecKrNe+dD23o0KyfFFYFHpwVe96MdlJFD7AiEFgmBhOdfbe7FnJw2LK33hP/KRrXqVcO40ABaTm/N6L3SFvGkB/qvy3RzuCoDFVD3z74gR9FU9qqs2ACykasUxO4vh66qe2NFxhwVUPfNvQxHcLycDqm4KzLIiUFjVjX/WEeFhqu4HyOwEUFTV0b/pQ3icqvsBVAiEoiqO/q37w9NU3A+QzcVAMRWP/Vn3h6fLjF7FQl6uDIZiKo4WrPvD82TKvfduzYxZACik4ujfuj9cRmry996xmTELAEVUG/1b94fLSkne3rs2K95xKKDibX/q/MNlZZav2gmfnFQAJqpW8tdZYbiOdy29d25WskHRLABMUm30nxGKmuFwHfnYVjsVYBYAJvnY0nspZ0VjANdVrdOfvQDAYNV2/mcpwnQgXF+1Tb9OBMBg71t6L+OsKBEKY7xoqbQhMDORwCDVav5/aAHGqXblt5sCYZBKhUFs/IPxstyW9ffeOzkjCn/BANV2Atv4B3Ok3kbvnZwRAwEYIPX1ey/gjNj4B3Nl+a33bs5IZiaBK6pU+MfuX5ir0n4ghYHgiipN+bkRDGqodCLoTQtwBZXO/xr9Qw2VaoIYGMAVZKqv98LNiJccaqk0OHjVAlxQdtv3XrYZed0C1FFpFuDvLcAFfW7pvWyjY6MP1FRlFiBtBHAhL1t6L9qMOPcPNVWaBciGZeACqlT+M/qH2qrMAqgMCBfyW0vvJRsdo3+orcp1walNYLAAz5Qdtb0XbHSM/mENVYqF2SwMz1SlyIfRP6yhyixAliOAZ8jIu/dyjUym875tAdZQ4aZA7QY8Q5XSv+77h7VU2TisNDA8UXbS9l6q0XGkB9byoqX3Lo/OpxbgCX5v6b1UI2PzH6wpH9/eOz06lgHgkaoU9VDWE9aU6ffeOz06Lg6DR6qyhpeOCLCejLyzEa/3Xo+MokDwSBWm77KTGFhXhcqAKWQGPFDW3Cv03N+2AOuqUhMgmxKBB6hy/O+7FmBdGUxU2EzsOCA8UDbe9V6ikfnYAqyvQjVRVQHhgSrU8v5bC7C+CveJZBYCuEem3Xsv0Mi4yQv2UuFG0XREgK/IyLv38oyM6TrYS4VlxRxtBr6iQvlfN//BXiqcBlAWGO5RYapO8R/YS4oC9d71kbG0CF9R4SVVtAP2VKG4mMEF3OGHlt5LMzLKdsKeKpQXd7oI7pC1995LMzJeUNhThQGGy8XgDh9aei/NyCjZCXuqUGL8cwvQMbsAkPV/2NvsfQAKAkFHeue9F2ZkrP/D3irsA3jZAtxSoVzn6xZgX9oZKCi3ZfVelpHJMURgb7NvB3zXAtwy+8au7D8A9pdS3702YFTcNApfmL0BMB0QYH9vW3ptwKjYCAi3VDieo/4/nKHCvQC59RRocva+95KMzI8twP5SjrfXBoxMihIBTYUKXY7mwBkqHDlWcRT+lJeh95KMDHCO2beOph4B0MwuzvFrC3CO7MTvtQWjougY/CkvQ+8lGZUcCwLOMfvYcUoSA83s+txu6IKzzL551L0j8KdMwfdeklFJFULgHDn102sLRiXHnoFmdg0ARwDhLDn102sLRkYtAI6Xl6D3coyMFxHO02sLRiYXE8HRZt/OZSoOzjR76dGtgBwvL0Hv5RgVlwDBmWZfCpQ7CeBosy/mcBwHzjT7+LELyDje7CJAH1qA8+Re/l6bMCqKAXG8nMHvvRyj4iWEMxl8wGSzp+EUAYIzzS4GZPmR483uALiUA840+xIyHQCOpwMAzKADAJPNvgfAvdxwph9aem3CqLiFlOPpAAAzzO4AuBCI483uALgHAM40+z4AHQCOl0p8vZdjVDIKAM7zoqXXJozKv1rgaOkF916OUXEhB5ypwkVkcLTZHYCMAoAz9dqEkYGj6QAAs/TahJEBAAAAAAAAAAAAAAAAAAAAAAAAAAAAAAAAAAAAAAAAAAAAAAAAAAAAAAAAAAAAAAAAAAAAAAAAAAAAAAAAAAAAAAAAAAAAAAAAAAAAAAAAAAAAAAAAAAAAAAAAAAAAAAAAAAAAAAAAAAAAAAAAAAAAAAAAAAAAAAAAAAAAAAAAAAAAAAAAAAAAAAAAAAAAAAAAAAAAAAAAAAAAAAAAAADY0Dff/D97gEa+fSzJ9gAAAABJRU5ErkJggg==', 1, 3),
(161, 'Hama', 'Hama', 'hama@gmail.com', '$2b$05$CAtVBpGCcJWeP3yHonllA.NaEMg71IfqQbpuJbkRKd7VWuVJ0bVlC', 'employee', 0, 0, 'iVBORw0KGgoAAAANSUhEUgAAAgAAAAIACAYAAAD0eNT6AAAAAXNSR0IArs4c6QAAAARnQU1BAACxjwv8YQUAAAAJcEhZcwAADsMAAA7DAcdvqGQAABuhSURBVHhe7d0rlF63uQbgsMLAQEPDQMPAwELDQsNAwzDDQsNCw0BDQ8PCwMDCwNJz9KaZ1amXxnP7f+mT9DxrvTDO2LO3tq6fvgEAAAAAAAAAAAAAAAAAAAAAAAAAAAAAAAAAAAAAAAAAAAAAAAAAAAAAAAAAAAAAAAAAAAAAAAAAAAAAAAAAAAAAAAAAAAAAAAAAAAAAAAAAAAAAAAAAAAAAAAAAAAAAAAAAAAAAAAAAAAAAAAAAAAAAAAAAAAAAAAAAAAAAAAAAAAAAAAAAAAAAAAAAAAAAAAAAAAAAAAAAAAAAAAAAAADu9aLlh5YfW37u5NMD867ly//2ry35s1+2AAATvGrJBzkf5l9aPrf83+D8s+VjS36G1y3pHAAAF/CXlpvRfEbmv7X0PsaV8q+Wm1mEdFK+bQEA7pEPfj6eM0b110pmC/7ekg5BOjUAcLxMnd+M8Hsfzx2Tzk06Oens6BAAcIR88LJmnrX73sfxxKTz87cWywUAbCcb9963/N7S+wjKN9/8u+UfLZkZAIBl5VhepvdX2LxXLdlMmH0Djh0CsIRMY79p2WkT3+z82vJTy3ctAFBKPk4ZsWYau/cRk8skSwSZWQGAqfIx8uEfn3QELA8AMFw+/PkI9T5OMi45TfF9CwBcVUadPvz1ko5ATloAwEXlw+/sfv2kpoCOAADPll39qVrX+9hI3WSWxqkBAJ4ktetzHr33gZH6SdGlHMkEgAfJBr9cddv7qMh6SU0GywIA3Cl1+t+2ONK3Z1KK2X0DAPyP1J9Pxbneh0P2SZZ0cvEQAIfLiNCxvvOSZQGbBAEOlQIyRv3nJpsE3TwIcJjsDrfWL0mOeQKwuUz5f2jpfQjk3GRJwCVDAJsy5S9fS5YEUvsBgI2Y8peHJrc75kgoAAsz5S9PiSUBgIXl4//Pll4DL3Jffmtx1TDAYjJ6SwPea9hFHprsC1BGGGARGbW5xEculewdUS8AoLg01Bm19RpykedECWGAol632Okv10wuiwKgkBzz6zXYIpeOyoEARfzc0muoT02WQD615JKj/NvcJDMkP9yTFMK5/d/kCt38WfZU/G/ybwvARPlI9RroE5Kqhr+03P64X7uAze1OQuornHzMUicAYJLTpv1zrDEj8nzsK11lm3oL6RSkgt5pHQLLAQCD5SPYa5B3SqbyM8rM7vOVqtLd7hCcUIvBxkCAQXLUb+fd/plaTwdnF1k2SEdm5+OZjggCXFmK/Oz4IUnt+SxpZPS8q+xPSMcm+xZ6/wYrR7EggCvKNPhOu9Hz0cg0+YmXzmQPQ6bOd/t9ujsA4MLywdhlPTkzGNlFX2kj3yyZFfipZZeOQH63L1sAuIBdbvW7+fDvPM3/VDcdgR06efk7uEoY4AJWXzPO6DYft2uf0d9FNtSt3hHIng6/b4BnyIez18CukqzxG/E/Xj6emS1Z+bRHfvcAPEHuYV/1A5ARoA1hz5ep9I8tvX/jFZJ6CAA8QkbNK04DZ50/x/m4rHxIV9womOfBfgCAR1hx3T/Fbkz3X0+WBVJ6t/dvXzn2AwA80Grr/hnlmeodJ0tDq80G2A8AcI/V1v0zujPFO15mWlbbG6CTCHCH1db9czOfqd25clKg97upGPsBAO6QS3B6DWe1pCHf6bKe1eWyoVWWBDJjBMAtuUil12BWS2YolHqtJ2WVV6kW6ZQIwJ8yjb7C1H8+MHb515XnaIV9AZlBcg8EQLPCOm4+LNb715DjmL3fYaXkZwQ4WqbTq+/6T2Pt47+WFeoFZO8CwLGqT9nmQ8Kastbe+51WSZaUdCyBI2Unfa9hrJIsTbC23CzY+91WydsWgKNkM13lo1tG/vuo3AnI8pfaAMBRUhq11yBWiA1a+6m80TT3XgAcIdfk9hrCCrHbf1+p3Nj7nVeIMsHAEare9GdT1v6qVpvMswewtaqj/xQiUuRnf+ngVT15YhYA2FrF0b9LWs6STsCvLb1nYWbMAgDbqjr6N/I6T9UCVJ5FYEsVR/85jcCZKh4PNAsAbCcjrl6DNzO5mtWmv7NV3BSYmzEBtlHt3L91fyIbP6vdRKkuALCNXH1abb3VWis3XrVUez6zXwZgedVG/ykIA7elJn/vWZkVswDA8qqN/nP/gPP+fCl7QbIBr/fMzIpZAGBpP7X0GrdZyc5v6Mn9/L1nZlacUAGWVmlU9akFvqbSqYDMVjmlAiypUuGfLEOYUuU+WbLKCZHeMzQjNqsCS8qd+r1GbUZMp/JQlZatMiMBsJxMYfYatdExlcpjVVm6ysyVTavAUlLNrNegzUhGdPAYmXrvPUsz8qYFYBn/aOk1ZqNj9M9TVZkFsHkVWEY+uFXO/hv981SVZgGUrQaWUOWWNaN/nqvKLMDPLQDlZcqy14iNjtE/z1VlFiAXFgGUlh3LvQZsdOye5lKqnGZRxwIorcqIybl/LqVKXQAzWkBpVW7+S0U3uITsI6lQHdANgUBpFTZNOTbFpVU41ppOCEBJVdb/3fjHpVW5KdA+AKCkCuv/2fzn6B/XkJ34vWduZOwDAEqqsP7v8hSupcLlVvYBACVVWP/PHQRwDS9bes/cyNgHAJRTYf0/57Xhmj639J69kbEPACilwvr/+xa4prctvWdvZOwDAEqpsP6fTghcU0bfvWdvZOwDAEqpMDWq9C8jzC4KZKkLKGV2o5gNiDBCRuC9Z3BkdHaBEipsAFT7n1Eq3A1gIyBQwquWXiM1Mtb/GaXCPoDXLQDTvWnpNVIjY0qUkWYveaUoEcB0s08AWP9ntNn7AJwEAEr42NJrpEbF+X9Gm10P4NcWgOnSGPUaqVFRGIXRZhe+yqVXAFPl5r1eAzUyNgAyWoWNgLmbAGAaDSEn0vEFjpfjSL3GaWTSGMNoqcjXex5HJfsQAKb5W0uvcRoVm6GYZfbm159bAKZJI9RrnEYljTDMkNMnvWdyVP7RAjDN7A6AEsDMMrsksA4AMNXsIkCmQZll9vKXYkDAVBmF9BqnUUkjDDP80NJ7JkflUwvANDoAnEoHADhaGqFe4zQqzkIzy+waGL+1AEwzuwOQURjM8KKl90yOig4AMFVu4us1TqPyqgVm+K6l90yOSq4kBpgmo5Be4zQqGYXBLL1ncmQAptEB4GS9Z3JkAKaZXQ8907AwS++ZHBmAacwAcLLeMzkyANPM7gDkKBbM8G1L75kcGYBpchtfr2EaFccAmWX2McB/twBMM7sOwI8tMMPLlt4zOSrqAABTze4AKAXMLLNLAesAAFPpAHAqHQDgaB9aeo3TqLxtgRlet/SeyVH53AIwzfuWXuM0Ku9aYIY3Lb1nclQ+tgBM83NLr3EalV9aYIa/t/SeyVHJVdwA08weBeUyIpghnc/eMzkqZr+AqXIff69xGhVnoZlldg2Mn1oAppm9EzpRDpgZes/iyDgBA0w1uxpaohgQo80uApSogglMVaEeevYhwEjpdPaexZFJJwRgqtlXAmc3NoyU9ffeszgyf2kBmCrnkXsN1KikGiGMlCN4vWdxVLIBEWC62eehcxLAaIiRZl+Drf4FUMLsWgCJDVGMUmHjqxoAQAmvWnqN1MikIiGMkON3vWdwZHIPAcB0FU4C2AfAKLPX/5PvWwBKmL0mah8Ao3jWAW6ZXRc9sQ+Aa6uw/u/+C6CUCuei7QPg2iqs/6t7AZSSNcleYzUyRkZcW4WZrlzABVBG1iSzNtlrsEZGeVSuJZtdKzzjLr8CyslO/F6DNTLOR3MtFepdZAMiQDlZg+81WiOTewngGj639J65kckRRIBysgu/12iNjtMAXFqF3f9JNiEClJN9AL+39BqukTFK4tIqzG4l1v+BsirsklYohUubXfwnccoFKK3COelErXQupcrSlvP/QGnftfQar9ExWuJSKsxqJfa2AOXl49trwEZHwRSeq0KBq8SyFrCEKhumzALwXFVG//k5AMpLNb5eIzYjZgF4qiqj/8SeFmAZVZYBzALwVFVG/zlaa/ofWMbbll5jNiNmAXisSqN/dS2ApVQ5DZCYBeCxqoz+E7v/geV8bOk1aDOSi1zgIX5s6T1DM+LyH2BJVYoCJbkkKLMS8DVZa/+1pfcMzUhO1AAsJ41phfvTb/K+Bb6myhHWm+i0AstK+dJewzYrr1qgJxftVOqwOvsPLK1STYDEhkDuUmnjX2LzH7C8ag3rTy1wW46K9p6VWdFRBbZQrXHNNG9mJiCyzp5Nor1nZVacWgG2UWlndZKfR3U14lNL7xmZlXRGPJvANjLt3mvsZkaFNart+k/c+w9sJSOaatOsSWoVcKacCKm06z/Jz+PoH7CdirMA9gOc6duWVNnrPRMzY/QPbKnqLID9AOepdjIlMfoHtlZxFiDJvQWcoeK6f2L0D2yt6ixAYlPg/qp2QI3+gSPkjHOvEawQl6/sq9LlVF/mXQvAET639BrCClGEZT+54rfajv+bZDOiPSjAMb5vqdogJ6leyB6qP2vpnAAcJdOevQaxQvLB0DCvLx//31t6v+MK+dACcJxMe1Y8i30TnYC1Vf/45/my8Q84Vj6wvcaxUlQLXE/lNf+buJUSOF6mQXsNZKW8bWEN6bBV//i77hegyTRo5anamziqVV/lI6a3k+UJAJpVGm7FguqqWuHvy6j4B/CFyrUBbic/p81bdeRin4q1/Xtx1z9AR/Xz2reTJQsnBObLlb6VT5J8GfUlAO5QuTZAL/l5jejmyMbMVTqMSWYpALhDPqarLAXcJD/vixbGyJR/bm/s/S6qJrMUlo0A7pGPadUbA+9KlgTUC7i+LLus9mxklsKuf4AH+qFlpendm3xqednCZWX0vMpGvy/zugWAR6h6d/tDYm/A5ay21n87jvwBPFHO3fca1hWSqWq7vp8us0C/tvT+bVdI9ikA8EQrbgr8MvkQWAN+uOwBWaE89NeSTX/ZrAjAM6y4KbCXdAQyqqUvnaSVZ3xukg2h9oEAXEgKvqy6DvxlslFQR+C/8uFfdYNfL5Z9AC5slfsCHprcCHfyxyKdup0+/EnuIwDgCt639BrelZP14pwaOGHaOMf5crpj5c19d0WlP4AryqbA1arAPSaZFchMx05V4/I7S5Gk3X9vjn0CXNnunYCbZESZD+eKZYazAz7LG9nUt8vejbuSj78d/wCDnNIJuEmWCfIxTVW5irMDNx/8FL7JB7H3d9gxPv4AE5zWCbidrKFnP0TW03OiYGSnIB+8/D+zVHHaB/92Up/Cxx9gkpM7Ab3ko5Slg+xGz/JBPtQ3eUgn4ebjfpPMOOTPSmGeHF/s/T9PTJ45a/4Ak6Uh3qGAjKwRH3+AYnQC5Nrx8QcoSidArhUff4DidALk0vHxB1iEToBcKj7+AIvJEbndi9DIdaO2P8CicuHMDlcJy9jkSt8fWwBYWM62Zxq319CLfJnUUlix/DIAd8h0bq/BF7lJKhta7wfYUKrbZXq31/jLuckzkaqHAGwsJXEzzdv7EMh5yb0KL1sAOECmeTPd2/sgyDnJHQem/AEOlCtsLQmclxwPzW2GABwqR71Ovc725PzWkjoRRv8Ah8mGLx9+yexPToe41x9gYxnt5Y78jP56HwM5N1kSyJ6QbBAFYBMZ3WW6V0VAeUhyj4RCQAALy2gu07s2+clT8kvL9y0ALCIj/nctLgKSSyQdATMCAMXlaJepfrlGskfAZkGAYlLi165+uXaynJT9JABMlhKumaLtNdYi10rKB7suGGCCTMUq5Suz86nFRkGAQTIFa2e/VMr7FjUEAK4k0/1u8ZOqSac0haYAuKC3LY71yQr52GI2AOCZjPplxZgNAHii1O1PMZ9e4yqySswGADzCq5Ycs+o1qCKrxWwAwD2M+mXnmA0A6Mhav0p+snsyG/DXFgCaNIjO9ctJyUwXwLEy5a+a32XyW0uq0t0kd9rnKuTbSUcrdyZ8LSlv++V/lyI3t/9s+zMuk/xbulwIOE7WQh3ve1wyS5KPRj7I+TDnYz2zDG3+3+k05GdJRy4/m5sYH5f8e2XTK8AR8tEw5X93Mpr/0JIP682ofTX5qOVnz98hsxFmDe5OCly5YRDYXj4IvUbw5GQUmA9+joq9aNlVZn1et6RDkE5O79/i5OQZyLIYwFay1pljUL2G77Rk9iNXGGfUl9MPp0pn501LPnyWDv6TzJSc/EwAm0mDdvKIL1O86fzkPgPrvXfLnoJ0itI5Ovneh3QQs78DYGknr/dnk2NGuHZ6P16mwrMkcuqsUTpAqgcCy8p672kjucx0ZJ/Dzmv5o2XvQGYGTtxImGcJYClpsHsN2o7JDEc2tpnev74sJ+XI4Ul7BvJsASzhlOI+WavOLIed23NknTwfxxNmmbIU4jkDykoDlR3dvQZsl2S0n2lZl7rUkecuM067zwrkrgz7SYBy0jClElyv4doh+bjkw68Bri0b53Y+cZK/m2OCQBnZ8LbrBq18+DO6NP26lnQEdr1dMrNQM0tAA/whH/8dR1z5O+Uj4sO/tpQj3rEjoBMATLXjxz8zGc5f7yf1KHZbotIJAKbIWvhOH/98+DNaZG+7dQR0AoCh8vHfZVo1R8hSotdU/1lyfHOXUwM6AcAQO338c47fcb5z5Vl+19J7NlZLZuNUnwSuZpePf6b7XbbCjYyec29D71lZKToBwFXs8PE33c/XZPPn6ssCOgHARe3w8U8pVQ0j98mzvnopa50A4GJWvpI1jaHpfh5r9WWBdNjTmQF4svctvQZmheSiGNP9PEfKP/eerRWSjjvAk6x6pW/W+hXz4VJSO2DVvQFZzgB4lEyb9xqU6skOf5elcGk5LrpqAaF05AEeJB/QFBfpNSaVY8qfa1t1ScA+GOBeGelk41yvEakaU/6MtOKSgGqBwFdl9LzazmdT/syw4pJAOvYqXwJdH1p6DUfVmPJnttWWBNLB984A/yMV8noNRtW8aYEKsr6eZajec1oxuQMD4A9Z0+w1FBWThtaGJqrJ+vpKG2edDAD+WBNcZUNTGthXLVBRyu+usoE2HWnvEhxulTK/aVjtYqa6dKhXuTcjG2jtB4BDrVLpLw2Vy01YRWrwr3JCIBtpgcNk+m+FjUsuNWFFGVmvcqpGDQ04SBqnFdYqszxhipKVrXCZVgYCamnAITLt12sIKsUZf3axQq0A9QHgAJnu6zUAlWJdkt2s8N65ORA2lmm+6uv+Pv7saoViW39tATZU/XiSNX92966l9+xXSWqCuC8ANlP9yF86Jz7+nKD6HhyzcLCR9OgrT/3nnL+jfpwiHd3qBbhSHhzYQC7/6L3kFZLjiIr8cJp0Aipfva1KIGwgm3p6L3iFpLa/88ecKrNe+dD23o0KyfFFYFHpwVe96MdlJFD7AiEFgmBhOdfbe7FnJw2LK33hP/KRrXqVcO40ABaTm/N6L3SFvGkB/qvy3RzuCoDFVD3z74gR9FU9qqs2ACykasUxO4vh66qe2NFxhwVUPfNvQxHcLycDqm4KzLIiUFjVjX/WEeFhqu4HyOwEUFTV0b/pQ3icqvsBVAiEoiqO/q37w9NU3A+QzcVAMRWP/Vn3h6fLjF7FQl6uDIZiKo4WrPvD82TKvfduzYxZACik4ujfuj9cRmry996xmTELAEVUG/1b94fLSkne3rs2K95xKKDibX/q/MNlZZav2gmfnFQAJqpW8tdZYbiOdy29d25WskHRLABMUm30nxGKmuFwHfnYVjsVYBYAJvnY0nspZ0VjANdVrdOfvQDAYNV2/mcpwnQgXF+1Tb9OBMBg71t6L+OsKBEKY7xoqbQhMDORwCDVav5/aAHGqXblt5sCYZBKhUFs/IPxstyW9ffeOzkjCn/BANV2Atv4B3Ok3kbvnZwRAwEYIPX1ey/gjNj4B3Nl+a33bs5IZiaBK6pU+MfuX5ir0n4ghYHgiipN+bkRDGqodCLoTQtwBZXO/xr9Qw2VaoIYGMAVZKqv98LNiJccaqk0OHjVAlxQdtv3XrYZed0C1FFpFuDvLcAFfW7pvWyjY6MP1FRlFiBtBHAhL1t6L9qMOPcPNVWaBciGZeACqlT+M/qH2qrMAqgMCBfyW0vvJRsdo3+orcp1walNYLAAz5Qdtb0XbHSM/mENVYqF2SwMz1SlyIfRP6yhyixAliOAZ8jIu/dyjUym875tAdZQ4aZA7QY8Q5XSv+77h7VU2TisNDA8UXbS9l6q0XGkB9byoqX3Lo/OpxbgCX5v6b1UI2PzH6wpH9/eOz06lgHgkaoU9VDWE9aU6ffeOz06Lg6DR6qyhpeOCLCejLyzEa/3Xo+MokDwSBWm77KTGFhXhcqAKWQGPFDW3Cv03N+2AOuqUhMgmxKBB6hy/O+7FmBdGUxU2EzsOCA8UDbe9V6ikfnYAqyvQjVRVQHhgSrU8v5bC7C+CveJZBYCuEem3Xsv0Mi4yQv2UuFG0XREgK/IyLv38oyM6TrYS4VlxRxtBr6iQvlfN//BXiqcBlAWGO5RYapO8R/YS4oC9d71kbG0CF9R4SVVtAP2VKG4mMEF3OGHlt5LMzLKdsKeKpQXd7oI7pC1995LMzJeUNhThQGGy8XgDh9aei/NyCjZCXuqUGL8cwvQMbsAkPV/2NvsfQAKAkFHeue9F2ZkrP/D3irsA3jZAtxSoVzn6xZgX9oZKCi3ZfVelpHJMURgb7NvB3zXAtwy+8au7D8A9pdS3702YFTcNApfmL0BMB0QYH9vW3ptwKjYCAi3VDieo/4/nKHCvQC59RRocva+95KMzI8twP5SjrfXBoxMihIBTYUKXY7mwBkqHDlWcRT+lJeh95KMDHCO2beOph4B0MwuzvFrC3CO7MTvtQWjougY/CkvQ+8lGZUcCwLOMfvYcUoSA83s+txu6IKzzL551L0j8KdMwfdeklFJFULgHDn102sLRiXHnoFmdg0ARwDhLDn102sLRkYtAI6Xl6D3coyMFxHO02sLRiYXE8HRZt/OZSoOzjR76dGtgBwvL0Hv5RgVlwDBmWZfCpQ7CeBosy/mcBwHzjT7+LELyDje7CJAH1qA8+Re/l6bMCqKAXG8nMHvvRyj4iWEMxl8wGSzp+EUAYIzzS4GZPmR483uALiUA840+xIyHQCOpwMAzKADAJPNvgfAvdxwph9aem3CqLiFlOPpAAAzzO4AuBCI483uALgHAM40+z4AHQCOl0p8vZdjVDIKAM7zoqXXJozKv1rgaOkF916OUXEhB5ypwkVkcLTZHYCMAoAz9dqEkYGj6QAAs/TahJEBAAAAAAAAAAAAAAAAAAAAAAAAAAAAAAAAAAAAAAAAAAAAAAAAAAAAAAAAAAAAAAAAAAAAAAAAAAAAAAAAAAAAAAAAAAAAAAAAAAAAAAAAAAAAAAAAAAAAAAAAAAAAAAAAAAAAAAAAAAAAAAAAAAAAAAAAAAAAAAAAAAAAAAAAAAAAAAAAAAAAAAAAAAAAAAAAAAAAAAAAAAAAAAAAAADY0Dff/D97gEa+fSzJ9gAAAABJRU5ErkJggg==', 1, 3),
(162, 'Pfe', 'test', 'nesrine@yahoo.com', '$2b$05$A6aOBdYjLegf5ylSm4Y1Nurnmwk7CRrP1ZZNs0C1K1G9nr9UG4toS', 'employee', 0, 0, 'iVBORw0KGgoAAAANSUhEUgAAAgAAAAIACAYAAAD0eNT6AAAAAXNSR0IArs4c6QAAAARnQU1BAACxjwv8YQUAAAAJcEhZcwAADsMAAA7DAcdvqGQAABuhSURBVHhe7d0rlF63uQbgsMLAQEPDQMPAwELDQsNAwzDDQsNCw0BDQ8PCwMDCwNJz9KaZ1amXxnP7f+mT9DxrvTDO2LO3tq6fvgEAAAAAAAAAAAAAAAAAAAAAAAAAAAAAAAAAAAAAAAAAAAAAAAAAAAAAAAAAAAAAAAAAAAAAAAAAAAAAAAAAAAAAAAAAAAAAAAAAAAAAAAAAAAAAAAAAAAAAAAAAAAAAAAAAAAAAAAAAAAAAAAAAAAAAAAAAAAAAAAAAAAAAAAAAAAAAAAAAAAAAAAAAAAAAAAAAAAAAAAAAAAAAAAAAAADu9aLlh5YfW37u5NMD867ly//2ry35s1+2AAATvGrJBzkf5l9aPrf83+D8s+VjS36G1y3pHAAAF/CXlpvRfEbmv7X0PsaV8q+Wm1mEdFK+bQEA7pEPfj6eM0b110pmC/7ekg5BOjUAcLxMnd+M8Hsfzx2Tzk06Oens6BAAcIR88LJmnrX73sfxxKTz87cWywUAbCcb9963/N7S+wjKN9/8u+UfLZkZAIBl5VhepvdX2LxXLdlMmH0Djh0CsIRMY79p2WkT3+z82vJTy3ctAFBKPk4ZsWYau/cRk8skSwSZWQGAqfIx8uEfn3QELA8AMFw+/PkI9T5OMi45TfF9CwBcVUadPvz1ko5ATloAwEXlw+/sfv2kpoCOAADPll39qVrX+9hI3WSWxqkBAJ4ktetzHr33gZH6SdGlHMkEgAfJBr9cddv7qMh6SU0GywIA3Cl1+t+2ONK3Z1KK2X0DAPyP1J9Pxbneh0P2SZZ0cvEQAIfLiNCxvvOSZQGbBAEOlQIyRv3nJpsE3TwIcJjsDrfWL0mOeQKwuUz5f2jpfQjk3GRJwCVDAJsy5S9fS5YEUvsBgI2Y8peHJrc75kgoAAsz5S9PiSUBgIXl4//Pll4DL3Jffmtx1TDAYjJ6SwPea9hFHprsC1BGGGARGbW5xEculewdUS8AoLg01Bm19RpykedECWGAol632Okv10wuiwKgkBzz6zXYIpeOyoEARfzc0muoT02WQD615JKj/NvcJDMkP9yTFMK5/d/kCt38WfZU/G/ybwvARPlI9RroE5Kqhr+03P64X7uAze1OQuornHzMUicAYJLTpv1zrDEj8nzsK11lm3oL6RSkgt5pHQLLAQCD5SPYa5B3SqbyM8rM7vOVqtLd7hCcUIvBxkCAQXLUb+fd/plaTwdnF1k2SEdm5+OZjggCXFmK/Oz4IUnt+SxpZPS8q+xPSMcm+xZ6/wYrR7EggCvKNPhOu9Hz0cg0+YmXzmQPQ6bOd/t9ujsA4MLywdhlPTkzGNlFX2kj3yyZFfipZZeOQH63L1sAuIBdbvW7+fDvPM3/VDcdgR06efk7uEoY4AJWXzPO6DYft2uf0d9FNtSt3hHIng6/b4BnyIez18CukqzxG/E/Xj6emS1Z+bRHfvcAPEHuYV/1A5ARoA1hz5ep9I8tvX/jFZJ6CAA8QkbNK04DZ50/x/m4rHxIV9womOfBfgCAR1hx3T/Fbkz3X0+WBVJ6t/dvXzn2AwA80Grr/hnlmeodJ0tDq80G2A8AcI/V1v0zujPFO15mWlbbG6CTCHCH1db9czOfqd25clKg97upGPsBAO6QS3B6DWe1pCHf6bKe1eWyoVWWBDJjBMAtuUil12BWS2YolHqtJ2WVV6kW6ZQIwJ8yjb7C1H8+MHb515XnaIV9AZlBcg8EQLPCOm4+LNb715DjmL3fYaXkZwQ4WqbTq+/6T2Pt47+WFeoFZO8CwLGqT9nmQ8Kastbe+51WSZaUdCyBI2Unfa9hrJIsTbC23CzY+91WydsWgKNkM13lo1tG/vuo3AnI8pfaAMBRUhq11yBWiA1a+6m80TT3XgAcIdfk9hrCCrHbf1+p3Nj7nVeIMsHAEare9GdT1v6qVpvMswewtaqj/xQiUuRnf+ngVT15YhYA2FrF0b9LWs6STsCvLb1nYWbMAgDbqjr6N/I6T9UCVJ5FYEsVR/85jcCZKh4PNAsAbCcjrl6DNzO5mtWmv7NV3BSYmzEBtlHt3L91fyIbP6vdRKkuALCNXH1abb3VWis3XrVUez6zXwZgedVG/ykIA7elJn/vWZkVswDA8qqN/nP/gPP+fCl7QbIBr/fMzIpZAGBpP7X0GrdZyc5v6Mn9/L1nZlacUAGWVmlU9akFvqbSqYDMVjmlAiypUuGfLEOYUuU+WbLKCZHeMzQjNqsCS8qd+r1GbUZMp/JQlZatMiMBsJxMYfYatdExlcpjVVm6ysyVTavAUlLNrNegzUhGdPAYmXrvPUsz8qYFYBn/aOk1ZqNj9M9TVZkFsHkVWEY+uFXO/hv981SVZgGUrQaWUOWWNaN/nqvKLMDPLQDlZcqy14iNjtE/z1VlFiAXFgGUlh3LvQZsdOye5lKqnGZRxwIorcqIybl/LqVKXQAzWkBpVW7+S0U3uITsI6lQHdANgUBpFTZNOTbFpVU41ppOCEBJVdb/3fjHpVW5KdA+AKCkCuv/2fzn6B/XkJ34vWduZOwDAEqqsP7v8hSupcLlVvYBACVVWP/PHQRwDS9bes/cyNgHAJRTYf0/57Xhmj639J69kbEPACilwvr/+xa4prctvWdvZOwDAEqpsP6fTghcU0bfvWdvZOwDAEqpMDWq9C8jzC4KZKkLKGV2o5gNiDBCRuC9Z3BkdHaBEipsAFT7n1Eq3A1gIyBQwquWXiM1Mtb/GaXCPoDXLQDTvWnpNVIjY0qUkWYveaUoEcB0s08AWP9ntNn7AJwEAEr42NJrpEbF+X9Gm10P4NcWgOnSGPUaqVFRGIXRZhe+yqVXAFPl5r1eAzUyNgAyWoWNgLmbAGAaDSEn0vEFjpfjSL3GaWTSGMNoqcjXex5HJfsQAKb5W0uvcRoVm6GYZfbm159bAKZJI9RrnEYljTDMkNMnvWdyVP7RAjDN7A6AEsDMMrsksA4AMNXsIkCmQZll9vKXYkDAVBmF9BqnUUkjDDP80NJ7JkflUwvANDoAnEoHADhaGqFe4zQqzkIzy+waGL+1AEwzuwOQURjM8KKl90yOig4AMFVu4us1TqPyqgVm+K6l90yOSq4kBpgmo5Be4zQqGYXBLL1ncmQAptEB4GS9Z3JkAKaZXQ8907AwS++ZHBmAacwAcLLeMzkyANPM7gDkKBbM8G1L75kcGYBpchtfr2EaFccAmWX2McB/twBMM7sOwI8tMMPLlt4zOSrqAABTze4AKAXMLLNLAesAAFPpAHAqHQDgaB9aeo3TqLxtgRlet/SeyVH53AIwzfuWXuM0Ku9aYIY3Lb1nclQ+tgBM83NLr3EalV9aYIa/t/SeyVHJVdwA08weBeUyIpghnc/eMzkqZr+AqXIff69xGhVnoZlldg2Mn1oAppm9EzpRDpgZes/iyDgBA0w1uxpaohgQo80uApSogglMVaEeevYhwEjpdPaexZFJJwRgqtlXAmc3NoyU9ffeszgyf2kBmCrnkXsN1KikGiGMlCN4vWdxVLIBEWC62eehcxLAaIiRZl+Drf4FUMLsWgCJDVGMUmHjqxoAQAmvWnqN1MikIiGMkON3vWdwZHIPAcB0FU4C2AfAKLPX/5PvWwBKmL0mah8Ao3jWAW6ZXRc9sQ+Aa6uw/u/+C6CUCuei7QPg2iqs/6t7AZSSNcleYzUyRkZcW4WZrlzABVBG1iSzNtlrsEZGeVSuJZtdKzzjLr8CyslO/F6DNTLOR3MtFepdZAMiQDlZg+81WiOTewngGj639J65kckRRIBysgu/12iNjtMAXFqF3f9JNiEClJN9AL+39BqukTFK4tIqzG4l1v+BsirsklYohUubXfwnccoFKK3COelErXQupcrSlvP/QGnftfQar9ExWuJSKsxqJfa2AOXl49trwEZHwRSeq0KBq8SyFrCEKhumzALwXFVG//k5AMpLNb5eIzYjZgF4qiqj/8SeFmAZVZYBzALwVFVG/zlaa/ofWMbbll5jNiNmAXisSqN/dS2ApVQ5DZCYBeCxqoz+E7v/geV8bOk1aDOSi1zgIX5s6T1DM+LyH2BJVYoCJbkkKLMS8DVZa/+1pfcMzUhO1AAsJ41phfvTb/K+Bb6myhHWm+i0AstK+dJewzYrr1qgJxftVOqwOvsPLK1STYDEhkDuUmnjX2LzH7C8ag3rTy1wW46K9p6VWdFRBbZQrXHNNG9mJiCyzp5Nor1nZVacWgG2UWlndZKfR3U14lNL7xmZlXRGPJvANjLt3mvsZkaFNart+k/c+w9sJSOaatOsSWoVcKacCKm06z/Jz+PoH7CdirMA9gOc6duWVNnrPRMzY/QPbKnqLID9AOepdjIlMfoHtlZxFiDJvQWcoeK6f2L0D2yt6ixAYlPg/qp2QI3+gSPkjHOvEawQl6/sq9LlVF/mXQvAET639BrCClGEZT+54rfajv+bZDOiPSjAMb5vqdogJ6leyB6qP2vpnAAcJdOevQaxQvLB0DCvLx//31t6v+MK+dACcJxMe1Y8i30TnYC1Vf/45/my8Q84Vj6wvcaxUlQLXE/lNf+buJUSOF6mQXsNZKW8bWEN6bBV//i77hegyTRo5anamziqVV/lI6a3k+UJAJpVGm7FguqqWuHvy6j4B/CFyrUBbic/p81bdeRin4q1/Xtx1z9AR/Xz2reTJQsnBObLlb6VT5J8GfUlAO5QuTZAL/l5jejmyMbMVTqMSWYpALhDPqarLAXcJD/vixbGyJR/bm/s/S6qJrMUlo0A7pGPadUbA+9KlgTUC7i+LLus9mxklsKuf4AH+qFlpendm3xqednCZWX0vMpGvy/zugWAR6h6d/tDYm/A5ay21n87jvwBPFHO3fca1hWSqWq7vp8us0C/tvT+bVdI9ikA8EQrbgr8MvkQWAN+uOwBWaE89NeSTX/ZrAjAM6y4KbCXdAQyqqUvnaSVZ3xukg2h9oEAXEgKvqy6DvxlslFQR+C/8uFfdYNfL5Z9AC5slfsCHprcCHfyxyKdup0+/EnuIwDgCt639BrelZP14pwaOGHaOMf5crpj5c19d0WlP4AryqbA1arAPSaZFchMx05V4/I7S5Gk3X9vjn0CXNnunYCbZESZD+eKZYazAz7LG9nUt8vejbuSj78d/wCDnNIJuEmWCfIxTVW5irMDNx/8FL7JB7H3d9gxPv4AE5zWCbidrKFnP0TW03OiYGSnIB+8/D+zVHHaB/92Up/Cxx9gkpM7Ab3ko5Slg+xGz/JBPtQ3eUgn4ebjfpPMOOTPSmGeHF/s/T9PTJ45a/4Ak6Uh3qGAjKwRH3+AYnQC5Nrx8QcoSidArhUff4DidALk0vHxB1iEToBcKj7+AIvJEbndi9DIdaO2P8CicuHMDlcJy9jkSt8fWwBYWM62Zxq319CLfJnUUlix/DIAd8h0bq/BF7lJKhta7wfYUKrbZXq31/jLuckzkaqHAGwsJXEzzdv7EMh5yb0KL1sAOECmeTPd2/sgyDnJHQem/AEOlCtsLQmclxwPzW2GABwqR71Ovc725PzWkjoRRv8Ah8mGLx9+yexPToe41x9gYxnt5Y78jP56HwM5N1kSyJ6QbBAFYBMZ3WW6V0VAeUhyj4RCQAALy2gu07s2+clT8kvL9y0ALCIj/nctLgKSSyQdATMCAMXlaJepfrlGskfAZkGAYlLi165+uXaynJT9JABMlhKumaLtNdYi10rKB7suGGCCTMUq5Suz86nFRkGAQTIFa2e/VMr7FjUEAK4k0/1u8ZOqSac0haYAuKC3LY71yQr52GI2AOCZjPplxZgNAHii1O1PMZ9e4yqySswGADzCq5Ycs+o1qCKrxWwAwD2M+mXnmA0A6Mhav0p+snsyG/DXFgCaNIjO9ctJyUwXwLEy5a+a32XyW0uq0t0kd9rnKuTbSUcrdyZ8LSlv++V/lyI3t/9s+zMuk/xbulwIOE7WQh3ve1wyS5KPRj7I+TDnYz2zDG3+3+k05GdJRy4/m5sYH5f8e2XTK8AR8tEw5X93Mpr/0JIP682ofTX5qOVnz98hsxFmDe5OCly5YRDYXj4IvUbw5GQUmA9+joq9aNlVZn1et6RDkE5O79/i5OQZyLIYwFay1pljUL2G77Rk9iNXGGfUl9MPp0pn501LPnyWDv6TzJSc/EwAm0mDdvKIL1O86fzkPgPrvXfLnoJ0itI5Ovneh3QQs78DYGknr/dnk2NGuHZ6P16mwrMkcuqsUTpAqgcCy8p672kjucx0ZJ/Dzmv5o2XvQGYGTtxImGcJYClpsHsN2o7JDEc2tpnev74sJ+XI4Ul7BvJsASzhlOI+WavOLIed23NknTwfxxNmmbIU4jkDykoDlR3dvQZsl2S0n2lZl7rUkecuM067zwrkrgz7SYBy0jClElyv4doh+bjkw68Bri0b53Y+cZK/m2OCQBnZ8LbrBq18+DO6NP26lnQEdr1dMrNQM0tAA/whH/8dR1z5O+Uj4sO/tpQj3rEjoBMATLXjxz8zGc5f7yf1KHZbotIJAKbIWvhOH/98+DNaZG+7dQR0AoCh8vHfZVo1R8hSotdU/1lyfHOXUwM6AcAQO338c47fcb5z5Vl+19J7NlZLZuNUnwSuZpePf6b7XbbCjYyec29D71lZKToBwFXs8PE33c/XZPPn6ssCOgHARe3w8U8pVQ0j98mzvnopa50A4GJWvpI1jaHpfh5r9WWBdNjTmQF4svctvQZmheSiGNP9PEfKP/eerRWSjjvAk6x6pW/W+hXz4VJSO2DVvQFZzgB4lEyb9xqU6skOf5elcGk5LrpqAaF05AEeJB/QFBfpNSaVY8qfa1t1ScA+GOBeGelk41yvEakaU/6MtOKSgGqBwFdl9LzazmdT/syw4pJAOvYqXwJdH1p6DUfVmPJnttWWBNLB984A/yMV8noNRtW8aYEKsr6eZajec1oxuQMD4A9Z0+w1FBWThtaGJqrJ+vpKG2edDAD+WBNcZUNTGthXLVBRyu+usoE2HWnvEhxulTK/aVjtYqa6dKhXuTcjG2jtB4BDrVLpLw2Vy01YRWrwr3JCIBtpgcNk+m+FjUsuNWFFGVmvcqpGDQ04SBqnFdYqszxhipKVrXCZVgYCamnAITLt12sIKsUZf3axQq0A9QHgAJnu6zUAlWJdkt2s8N65ORA2lmm+6uv+Pv7saoViW39tATZU/XiSNX92966l9+xXSWqCuC8ANlP9yF86Jz7+nKD6HhyzcLCR9OgrT/3nnL+jfpwiHd3qBbhSHhzYQC7/6L3kFZLjiIr8cJp0Aipfva1KIGwgm3p6L3iFpLa/88ecKrNe+dD23o0KyfFFYFHpwVe96MdlJFD7AiEFgmBhOdfbe7FnJw2LK33hP/KRrXqVcO40ABaTm/N6L3SFvGkB/qvy3RzuCoDFVD3z74gR9FU9qqs2ACykasUxO4vh66qe2NFxhwVUPfNvQxHcLycDqm4KzLIiUFjVjX/WEeFhqu4HyOwEUFTV0b/pQ3icqvsBVAiEoiqO/q37w9NU3A+QzcVAMRWP/Vn3h6fLjF7FQl6uDIZiKo4WrPvD82TKvfduzYxZACik4ujfuj9cRmry996xmTELAEVUG/1b94fLSkne3rs2K95xKKDibX/q/MNlZZav2gmfnFQAJqpW8tdZYbiOdy29d25WskHRLABMUm30nxGKmuFwHfnYVjsVYBYAJvnY0nspZ0VjANdVrdOfvQDAYNV2/mcpwnQgXF+1Tb9OBMBg71t6L+OsKBEKY7xoqbQhMDORwCDVav5/aAHGqXblt5sCYZBKhUFs/IPxstyW9ffeOzkjCn/BANV2Atv4B3Ok3kbvnZwRAwEYIPX1ey/gjNj4B3Nl+a33bs5IZiaBK6pU+MfuX5ir0n4ghYHgiipN+bkRDGqodCLoTQtwBZXO/xr9Qw2VaoIYGMAVZKqv98LNiJccaqk0OHjVAlxQdtv3XrYZed0C1FFpFuDvLcAFfW7pvWyjY6MP1FRlFiBtBHAhL1t6L9qMOPcPNVWaBciGZeACqlT+M/qH2qrMAqgMCBfyW0vvJRsdo3+orcp1walNYLAAz5Qdtb0XbHSM/mENVYqF2SwMz1SlyIfRP6yhyixAliOAZ8jIu/dyjUym875tAdZQ4aZA7QY8Q5XSv+77h7VU2TisNDA8UXbS9l6q0XGkB9byoqX3Lo/OpxbgCX5v6b1UI2PzH6wpH9/eOz06lgHgkaoU9VDWE9aU6ffeOz06Lg6DR6qyhpeOCLCejLyzEa/3Xo+MokDwSBWm77KTGFhXhcqAKWQGPFDW3Cv03N+2AOuqUhMgmxKBB6hy/O+7FmBdGUxU2EzsOCA8UDbe9V6ikfnYAqyvQjVRVQHhgSrU8v5bC7C+CveJZBYCuEem3Xsv0Mi4yQv2UuFG0XREgK/IyLv38oyM6TrYS4VlxRxtBr6iQvlfN//BXiqcBlAWGO5RYapO8R/YS4oC9d71kbG0CF9R4SVVtAP2VKG4mMEF3OGHlt5LMzLKdsKeKpQXd7oI7pC1995LMzJeUNhThQGGy8XgDh9aei/NyCjZCXuqUGL8cwvQMbsAkPV/2NvsfQAKAkFHeue9F2ZkrP/D3irsA3jZAtxSoVzn6xZgX9oZKCi3ZfVelpHJMURgb7NvB3zXAtwy+8au7D8A9pdS3702YFTcNApfmL0BMB0QYH9vW3ptwKjYCAi3VDieo/4/nKHCvQC59RRocva+95KMzI8twP5SjrfXBoxMihIBTYUKXY7mwBkqHDlWcRT+lJeh95KMDHCO2beOph4B0MwuzvFrC3CO7MTvtQWjougY/CkvQ+8lGZUcCwLOMfvYcUoSA83s+txu6IKzzL551L0j8KdMwfdeklFJFULgHDn102sLRiXHnoFmdg0ARwDhLDn102sLRkYtAI6Xl6D3coyMFxHO02sLRiYXE8HRZt/OZSoOzjR76dGtgBwvL0Hv5RgVlwDBmWZfCpQ7CeBosy/mcBwHzjT7+LELyDje7CJAH1qA8+Re/l6bMCqKAXG8nMHvvRyj4iWEMxl8wGSzp+EUAYIzzS4GZPmR483uALiUA840+xIyHQCOpwMAzKADAJPNvgfAvdxwph9aem3CqLiFlOPpAAAzzO4AuBCI483uALgHAM40+z4AHQCOl0p8vZdjVDIKAM7zoqXXJozKv1rgaOkF916OUXEhB5ypwkVkcLTZHYCMAoAz9dqEkYGj6QAAs/TahJEBAAAAAAAAAAAAAAAAAAAAAAAAAAAAAAAAAAAAAAAAAAAAAAAAAAAAAAAAAAAAAAAAAAAAAAAAAAAAAAAAAAAAAAAAAAAAAAAAAAAAAAAAAAAAAAAAAAAAAAAAAAAAAAAAAAAAAAAAAAAAAAAAAAAAAAAAAAAAAAAAAAAAAAAAAAAAAAAAAAAAAAAAAAAAAAAAAAAAAAAAAAAAAAAAAADY0Dff/D97gEa+fSzJ9gAAAABJRU5ErkJggg==', 1, 3);
INSERT INTO `employee` (`id_e`, `nom`, `prenom`, `email`, `password`, `grade`, `nbr_point`, `solde_argent`, `image`, `isActive`, `id_r`) VALUES
(169, 'zaid', 'ammar', 'zaidammar634@gmail.com', '$2b$05$5XwgGG6SYo.wWFh3ccaXbu8OvHOLLaLmZbTEaKEByf4hv3jfUyygS', 'employee', 1070, 50, 'iVBORw0KGgoAAAANSUhEUgAAAgAAAAIACAYAAAD0eNT6AAAAAXNSR0IArs4c6QAAAARnQU1BAACxjwv8YQUAAAAJcEhZcwAADsMAAA7DAcdvqGQAABuhSURBVHhe7d0rlF63uQbgsMLAQEPDQMPAwELDQsNAwzDDQsNCw0BDQ8PCwMDCwNJz9KaZ1amXxnP7f+mT9DxrvTDO2LO3tq6fvgEAAAAAAAAAAAAAAAAAAAAAAAAAAAAAAAAAAAAAAAAAAAAAAAAAAAAAAAAAAAAAAAAAAAAAAAAAAAAAAAAAAAAAAAAAAAAAAAAAAAAAAAAAAAAAAAAAAAAAAAAAAAAAAAAAAAAAAAAAAAAAAAAAAAAAAAAAAAAAAAAAAAAAAAAAAAAAAAAAAAAAAAAAAAAAAAAAAAAAAAAAAAAAAAAAAADu9aLlh5YfW37u5NMD867ly//2ry35s1+2AAATvGrJBzkf5l9aPrf83+D8s+VjS36G1y3pHAAAF/CXlpvRfEbmv7X0PsaV8q+Wm1mEdFK+bQEA7pEPfj6eM0b110pmC/7ekg5BOjUAcLxMnd+M8Hsfzx2Tzk06Oens6BAAcIR88LJmnrX73sfxxKTz87cWywUAbCcb9963/N7S+wjKN9/8u+UfLZkZAIBl5VhepvdX2LxXLdlMmH0Djh0CsIRMY79p2WkT3+z82vJTy3ctAFBKPk4ZsWYau/cRk8skSwSZWQGAqfIx8uEfn3QELA8AMFw+/PkI9T5OMi45TfF9CwBcVUadPvz1ko5ATloAwEXlw+/sfv2kpoCOAADPll39qVrX+9hI3WSWxqkBAJ4ktetzHr33gZH6SdGlHMkEgAfJBr9cddv7qMh6SU0GywIA3Cl1+t+2ONK3Z1KK2X0DAPyP1J9Pxbneh0P2SZZ0cvEQAIfLiNCxvvOSZQGbBAEOlQIyRv3nJpsE3TwIcJjsDrfWL0mOeQKwuUz5f2jpfQjk3GRJwCVDAJsy5S9fS5YEUvsBgI2Y8peHJrc75kgoAAsz5S9PiSUBgIXl4//Pll4DL3Jffmtx1TDAYjJ6SwPea9hFHprsC1BGGGARGbW5xEculewdUS8AoLg01Bm19RpykedECWGAol632Okv10wuiwKgkBzz6zXYIpeOyoEARfzc0muoT02WQD615JKj/NvcJDMkP9yTFMK5/d/kCt38WfZU/G/ybwvARPlI9RroE5Kqhr+03P64X7uAze1OQuornHzMUicAYJLTpv1zrDEj8nzsK11lm3oL6RSkgt5pHQLLAQCD5SPYa5B3SqbyM8rM7vOVqtLd7hCcUIvBxkCAQXLUb+fd/plaTwdnF1k2SEdm5+OZjggCXFmK/Oz4IUnt+SxpZPS8q+xPSMcm+xZ6/wYrR7EggCvKNPhOu9Hz0cg0+YmXzmQPQ6bOd/t9ujsA4MLywdhlPTkzGNlFX2kj3yyZFfipZZeOQH63L1sAuIBdbvW7+fDvPM3/VDcdgR06efk7uEoY4AJWXzPO6DYft2uf0d9FNtSt3hHIng6/b4BnyIez18CukqzxG/E/Xj6emS1Z+bRHfvcAPEHuYV/1A5ARoA1hz5ep9I8tvX/jFZJ6CAA8QkbNK04DZ50/x/m4rHxIV9womOfBfgCAR1hx3T/Fbkz3X0+WBVJ6t/dvXzn2AwA80Grr/hnlmeodJ0tDq80G2A8AcI/V1v0zujPFO15mWlbbG6CTCHCH1db9czOfqd25clKg97upGPsBAO6QS3B6DWe1pCHf6bKe1eWyoVWWBDJjBMAtuUil12BWS2YolHqtJ2WVV6kW6ZQIwJ8yjb7C1H8+MHb515XnaIV9AZlBcg8EQLPCOm4+LNb715DjmL3fYaXkZwQ4WqbTq+/6T2Pt47+WFeoFZO8CwLGqT9nmQ8Kastbe+51WSZaUdCyBI2Unfa9hrJIsTbC23CzY+91WydsWgKNkM13lo1tG/vuo3AnI8pfaAMBRUhq11yBWiA1a+6m80TT3XgAcIdfk9hrCCrHbf1+p3Nj7nVeIMsHAEare9GdT1v6qVpvMswewtaqj/xQiUuRnf+ngVT15YhYA2FrF0b9LWs6STsCvLb1nYWbMAgDbqjr6N/I6T9UCVJ5FYEsVR/85jcCZKh4PNAsAbCcjrl6DNzO5mtWmv7NV3BSYmzEBtlHt3L91fyIbP6vdRKkuALCNXH1abb3VWis3XrVUez6zXwZgedVG/ykIA7elJn/vWZkVswDA8qqN/nP/gPP+fCl7QbIBr/fMzIpZAGBpP7X0GrdZyc5v6Mn9/L1nZlacUAGWVmlU9akFvqbSqYDMVjmlAiypUuGfLEOYUuU+WbLKCZHeMzQjNqsCS8qd+r1GbUZMp/JQlZatMiMBsJxMYfYatdExlcpjVVm6ysyVTavAUlLNrNegzUhGdPAYmXrvPUsz8qYFYBn/aOk1ZqNj9M9TVZkFsHkVWEY+uFXO/hv981SVZgGUrQaWUOWWNaN/nqvKLMDPLQDlZcqy14iNjtE/z1VlFiAXFgGUlh3LvQZsdOye5lKqnGZRxwIorcqIybl/LqVKXQAzWkBpVW7+S0U3uITsI6lQHdANgUBpFTZNOTbFpVU41ppOCEBJVdb/3fjHpVW5KdA+AKCkCuv/2fzn6B/XkJ34vWduZOwDAEqqsP7v8hSupcLlVvYBACVVWP/PHQRwDS9bes/cyNgHAJRTYf0/57Xhmj639J69kbEPACilwvr/+xa4prctvWdvZOwDAEqpsP6fTghcU0bfvWdvZOwDAEqpMDWq9C8jzC4KZKkLKGV2o5gNiDBCRuC9Z3BkdHaBEipsAFT7n1Eq3A1gIyBQwquWXiM1Mtb/GaXCPoDXLQDTvWnpNVIjY0qUkWYveaUoEcB0s08AWP9ntNn7AJwEAEr42NJrpEbF+X9Gm10P4NcWgOnSGPUaqVFRGIXRZhe+yqVXAFPl5r1eAzUyNgAyWoWNgLmbAGAaDSEn0vEFjpfjSL3GaWTSGMNoqcjXex5HJfsQAKb5W0uvcRoVm6GYZfbm159bAKZJI9RrnEYljTDMkNMnvWdyVP7RAjDN7A6AEsDMMrsksA4AMNXsIkCmQZll9vKXYkDAVBmF9BqnUUkjDDP80NJ7JkflUwvANDoAnEoHADhaGqFe4zQqzkIzy+waGL+1AEwzuwOQURjM8KKl90yOig4AMFVu4us1TqPyqgVm+K6l90yOSq4kBpgmo5Be4zQqGYXBLL1ncmQAptEB4GS9Z3JkAKaZXQ8907AwS++ZHBmAacwAcLLeMzkyANPM7gDkKBbM8G1L75kcGYBpchtfr2EaFccAmWX2McB/twBMM7sOwI8tMMPLlt4zOSrqAABTze4AKAXMLLNLAesAAFPpAHAqHQDgaB9aeo3TqLxtgRlet/SeyVH53AIwzfuWXuM0Ku9aYIY3Lb1nclQ+tgBM83NLr3EalV9aYIa/t/SeyVHJVdwA08weBeUyIpghnc/eMzkqZr+AqXIff69xGhVnoZlldg2Mn1oAppm9EzpRDpgZes/iyDgBA0w1uxpaohgQo80uApSogglMVaEeevYhwEjpdPaexZFJJwRgqtlXAmc3NoyU9ffeszgyf2kBmCrnkXsN1KikGiGMlCN4vWdxVLIBEWC62eehcxLAaIiRZl+Drf4FUMLsWgCJDVGMUmHjqxoAQAmvWnqN1MikIiGMkON3vWdwZHIPAcB0FU4C2AfAKLPX/5PvWwBKmL0mah8Ao3jWAW6ZXRc9sQ+Aa6uw/u/+C6CUCuei7QPg2iqs/6t7AZSSNcleYzUyRkZcW4WZrlzABVBG1iSzNtlrsEZGeVSuJZtdKzzjLr8CyslO/F6DNTLOR3MtFepdZAMiQDlZg+81WiOTewngGj639J65kckRRIBysgu/12iNjtMAXFqF3f9JNiEClJN9AL+39BqukTFK4tIqzG4l1v+BsirsklYohUubXfwnccoFKK3COelErXQupcrSlvP/QGnftfQar9ExWuJSKsxqJfa2AOXl49trwEZHwRSeq0KBq8SyFrCEKhumzALwXFVG//k5AMpLNb5eIzYjZgF4qiqj/8SeFmAZVZYBzALwVFVG/zlaa/ofWMbbll5jNiNmAXisSqN/dS2ApVQ5DZCYBeCxqoz+E7v/geV8bOk1aDOSi1zgIX5s6T1DM+LyH2BJVYoCJbkkKLMS8DVZa/+1pfcMzUhO1AAsJ41phfvTb/K+Bb6myhHWm+i0AstK+dJewzYrr1qgJxftVOqwOvsPLK1STYDEhkDuUmnjX2LzH7C8ag3rTy1wW46K9p6VWdFRBbZQrXHNNG9mJiCyzp5Nor1nZVacWgG2UWlndZKfR3U14lNL7xmZlXRGPJvANjLt3mvsZkaFNart+k/c+w9sJSOaatOsSWoVcKacCKm06z/Jz+PoH7CdirMA9gOc6duWVNnrPRMzY/QPbKnqLID9AOepdjIlMfoHtlZxFiDJvQWcoeK6f2L0D2yt6ixAYlPg/qp2QI3+gSPkjHOvEawQl6/sq9LlVF/mXQvAET639BrCClGEZT+54rfajv+bZDOiPSjAMb5vqdogJ6leyB6qP2vpnAAcJdOevQaxQvLB0DCvLx//31t6v+MK+dACcJxMe1Y8i30TnYC1Vf/45/my8Q84Vj6wvcaxUlQLXE/lNf+buJUSOF6mQXsNZKW8bWEN6bBV//i77hegyTRo5anamziqVV/lI6a3k+UJAJpVGm7FguqqWuHvy6j4B/CFyrUBbic/p81bdeRin4q1/Xtx1z9AR/Xz2reTJQsnBObLlb6VT5J8GfUlAO5QuTZAL/l5jejmyMbMVTqMSWYpALhDPqarLAXcJD/vixbGyJR/bm/s/S6qJrMUlo0A7pGPadUbA+9KlgTUC7i+LLus9mxklsKuf4AH+qFlpendm3xqednCZWX0vMpGvy/zugWAR6h6d/tDYm/A5ay21n87jvwBPFHO3fca1hWSqWq7vp8us0C/tvT+bVdI9ikA8EQrbgr8MvkQWAN+uOwBWaE89NeSTX/ZrAjAM6y4KbCXdAQyqqUvnaSVZ3xukg2h9oEAXEgKvqy6DvxlslFQR+C/8uFfdYNfL5Z9AC5slfsCHprcCHfyxyKdup0+/EnuIwDgCt639BrelZP14pwaOGHaOMf5crpj5c19d0WlP4AryqbA1arAPSaZFchMx05V4/I7S5Gk3X9vjn0CXNnunYCbZESZD+eKZYazAz7LG9nUt8vejbuSj78d/wCDnNIJuEmWCfIxTVW5irMDNx/8FL7JB7H3d9gxPv4AE5zWCbidrKFnP0TW03OiYGSnIB+8/D+zVHHaB/92Up/Cxx9gkpM7Ab3ko5Slg+xGz/JBPtQ3eUgn4ebjfpPMOOTPSmGeHF/s/T9PTJ45a/4Ak6Uh3qGAjKwRH3+AYnQC5Nrx8QcoSidArhUff4DidALk0vHxB1iEToBcKj7+AIvJEbndi9DIdaO2P8CicuHMDlcJy9jkSt8fWwBYWM62Zxq319CLfJnUUlix/DIAd8h0bq/BF7lJKhta7wfYUKrbZXq31/jLuckzkaqHAGwsJXEzzdv7EMh5yb0KL1sAOECmeTPd2/sgyDnJHQem/AEOlCtsLQmclxwPzW2GABwqR71Ovc725PzWkjoRRv8Ah8mGLx9+yexPToe41x9gYxnt5Y78jP56HwM5N1kSyJ6QbBAFYBMZ3WW6V0VAeUhyj4RCQAALy2gu07s2+clT8kvL9y0ALCIj/nctLgKSSyQdATMCAMXlaJepfrlGskfAZkGAYlLi165+uXaynJT9JABMlhKumaLtNdYi10rKB7suGGCCTMUq5Suz86nFRkGAQTIFa2e/VMr7FjUEAK4k0/1u8ZOqSac0haYAuKC3LY71yQr52GI2AOCZjPplxZgNAHii1O1PMZ9e4yqySswGADzCq5Ycs+o1qCKrxWwAwD2M+mXnmA0A6Mhav0p+snsyG/DXFgCaNIjO9ctJyUwXwLEy5a+a32XyW0uq0t0kd9rnKuTbSUcrdyZ8LSlv++V/lyI3t/9s+zMuk/xbulwIOE7WQh3ve1wyS5KPRj7I+TDnYz2zDG3+3+k05GdJRy4/m5sYH5f8e2XTK8AR8tEw5X93Mpr/0JIP682ofTX5qOVnz98hsxFmDe5OCly5YRDYXj4IvUbw5GQUmA9+joq9aNlVZn1et6RDkE5O79/i5OQZyLIYwFay1pljUL2G77Rk9iNXGGfUl9MPp0pn501LPnyWDv6TzJSc/EwAm0mDdvKIL1O86fzkPgPrvXfLnoJ0itI5Ovneh3QQs78DYGknr/dnk2NGuHZ6P16mwrMkcuqsUTpAqgcCy8p672kjucx0ZJ/Dzmv5o2XvQGYGTtxImGcJYClpsHsN2o7JDEc2tpnev74sJ+XI4Ul7BvJsASzhlOI+WavOLIed23NknTwfxxNmmbIU4jkDykoDlR3dvQZsl2S0n2lZl7rUkecuM067zwrkrgz7SYBy0jClElyv4doh+bjkw68Bri0b53Y+cZK/m2OCQBnZ8LbrBq18+DO6NP26lnQEdr1dMrNQM0tAA/whH/8dR1z5O+Uj4sO/tpQj3rEjoBMATLXjxz8zGc5f7yf1KHZbotIJAKbIWvhOH/98+DNaZG+7dQR0AoCh8vHfZVo1R8hSotdU/1lyfHOXUwM6AcAQO338c47fcb5z5Vl+19J7NlZLZuNUnwSuZpePf6b7XbbCjYyec29D71lZKToBwFXs8PE33c/XZPPn6ssCOgHARe3w8U8pVQ0j98mzvnopa50A4GJWvpI1jaHpfh5r9WWBdNjTmQF4svctvQZmheSiGNP9PEfKP/eerRWSjjvAk6x6pW/W+hXz4VJSO2DVvQFZzgB4lEyb9xqU6skOf5elcGk5LrpqAaF05AEeJB/QFBfpNSaVY8qfa1t1ScA+GOBeGelk41yvEakaU/6MtOKSgGqBwFdl9LzazmdT/syw4pJAOvYqXwJdH1p6DUfVmPJnttWWBNLB984A/yMV8noNRtW8aYEKsr6eZajec1oxuQMD4A9Z0+w1FBWThtaGJqrJ+vpKG2edDAD+WBNcZUNTGthXLVBRyu+usoE2HWnvEhxulTK/aVjtYqa6dKhXuTcjG2jtB4BDrVLpLw2Vy01YRWrwr3JCIBtpgcNk+m+FjUsuNWFFGVmvcqpGDQ04SBqnFdYqszxhipKVrXCZVgYCamnAITLt12sIKsUZf3axQq0A9QHgAJnu6zUAlWJdkt2s8N65ORA2lmm+6uv+Pv7saoViW39tATZU/XiSNX92966l9+xXSWqCuC8ANlP9yF86Jz7+nKD6HhyzcLCR9OgrT/3nnL+jfpwiHd3qBbhSHhzYQC7/6L3kFZLjiIr8cJp0Aipfva1KIGwgm3p6L3iFpLa/88ecKrNe+dD23o0KyfFFYFHpwVe96MdlJFD7AiEFgmBhOdfbe7FnJw2LK33hP/KRrXqVcO40ABaTm/N6L3SFvGkB/qvy3RzuCoDFVD3z74gR9FU9qqs2ACykasUxO4vh66qe2NFxhwVUPfNvQxHcLycDqm4KzLIiUFjVjX/WEeFhqu4HyOwEUFTV0b/pQ3icqvsBVAiEoiqO/q37w9NU3A+QzcVAMRWP/Vn3h6fLjF7FQl6uDIZiKo4WrPvD82TKvfduzYxZACik4ujfuj9cRmry996xmTELAEVUG/1b94fLSkne3rs2K95xKKDibX/q/MNlZZav2gmfnFQAJqpW8tdZYbiOdy29d25WskHRLABMUm30nxGKmuFwHfnYVjsVYBYAJvnY0nspZ0VjANdVrdOfvQDAYNV2/mcpwnQgXF+1Tb9OBMBg71t6L+OsKBEKY7xoqbQhMDORwCDVav5/aAHGqXblt5sCYZBKhUFs/IPxstyW9ffeOzkjCn/BANV2Atv4B3Ok3kbvnZwRAwEYIPX1ey/gjNj4B3Nl+a33bs5IZiaBK6pU+MfuX5ir0n4ghYHgiipN+bkRDGqodCLoTQtwBZXO/xr9Qw2VaoIYGMAVZKqv98LNiJccaqk0OHjVAlxQdtv3XrYZed0C1FFpFuDvLcAFfW7pvWyjY6MP1FRlFiBtBHAhL1t6L9qMOPcPNVWaBciGZeACqlT+M/qH2qrMAqgMCBfyW0vvJRsdo3+orcp1walNYLAAz5Qdtb0XbHSM/mENVYqF2SwMz1SlyIfRP6yhyixAliOAZ8jIu/dyjUym875tAdZQ4aZA7QY8Q5XSv+77h7VU2TisNDA8UXbS9l6q0XGkB9byoqX3Lo/OpxbgCX5v6b1UI2PzH6wpH9/eOz06lgHgkaoU9VDWE9aU6ffeOz06Lg6DR6qyhpeOCLCejLyzEa/3Xo+MokDwSBWm77KTGFhXhcqAKWQGPFDW3Cv03N+2AOuqUhMgmxKBB6hy/O+7FmBdGUxU2EzsOCA8UDbe9V6ikfnYAqyvQjVRVQHhgSrU8v5bC7C+CveJZBYCuEem3Xsv0Mi4yQv2UuFG0XREgK/IyLv38oyM6TrYS4VlxRxtBr6iQvlfN//BXiqcBlAWGO5RYapO8R/YS4oC9d71kbG0CF9R4SVVtAP2VKG4mMEF3OGHlt5LMzLKdsKeKpQXd7oI7pC1995LMzJeUNhThQGGy8XgDh9aei/NyCjZCXuqUGL8cwvQMbsAkPV/2NvsfQAKAkFHeue9F2ZkrP/D3irsA3jZAtxSoVzn6xZgX9oZKCi3ZfVelpHJMURgb7NvB3zXAtwy+8au7D8A9pdS3702YFTcNApfmL0BMB0QYH9vW3ptwKjYCAi3VDieo/4/nKHCvQC59RRocva+95KMzI8twP5SjrfXBoxMihIBTYUKXY7mwBkqHDlWcRT+lJeh95KMDHCO2beOph4B0MwuzvFrC3CO7MTvtQWjougY/CkvQ+8lGZUcCwLOMfvYcUoSA83s+txu6IKzzL551L0j8KdMwfdeklFJFULgHDn102sLRiXHnoFmdg0ARwDhLDn102sLRkYtAI6Xl6D3coyMFxHO02sLRiYXE8HRZt/OZSoOzjR76dGtgBwvL0Hv5RgVlwDBmWZfCpQ7CeBosy/mcBwHzjT7+LELyDje7CJAH1qA8+Re/l6bMCqKAXG8nMHvvRyj4iWEMxl8wGSzp+EUAYIzzS4GZPmR483uALiUA840+xIyHQCOpwMAzKADAJPNvgfAvdxwph9aem3CqLiFlOPpAAAzzO4AuBCI483uALgHAM40+z4AHQCOl0p8vZdjVDIKAM7zoqXXJozKv1rgaOkF916OUXEhB5ypwkVkcLTZHYCMAoAz9dqEkYGj6QAAs/TahJEBAAAAAAAAAAAAAAAAAAAAAAAAAAAAAAAAAAAAAAAAAAAAAAAAAAAAAAAAAAAAAAAAAAAAAAAAAAAAAAAAAAAAAAAAAAAAAAAAAAAAAAAAAAAAAAAAAAAAAAAAAAAAAAAAAAAAAAAAAAAAAAAAAAAAAAAAAAAAAAAAAAAAAAAAAAAAAAAAAAAAAAAAAAAAAAAAAAAAAAAAAAAAAAAAAADY0Dff/D97gEa+fSzJ9gAAAABJRU5ErkJggg==', 1, 3),
(175, 'Pfe', 'pfe', 'testepfe2023@gmail.com', '$2b$05$oUSc62i/VuVoHcP5dil5.OjpY9y0i.rG1mGu.yvJcFvRyZ0Y6lnzm', 'employee', 140, 0, 'iVBORw0KGgoAAAANSUhEUgAAAgAAAAIACAYAAAD0eNT6AAAAAXNSR0IArs4c6QAAAARnQU1BAACxjwv8YQUAAAAJcEhZcwAADsMAAA7DAcdvqGQAABuhSURBVHhe7d0rlF63uQbgsMLAQEPDQMPAwELDQsNAwzDDQsNCw0BDQ8PCwMDCwNJz9KaZ1amXxnP7f+mT9DxrvTDO2LO3tq6fvgEAAAAAAAAAAAAAAAAAAAAAAAAAAAAAAAAAAAAAAAAAAAAAAAAAAAAAAAAAAAAAAAAAAAAAAAAAAAAAAAAAAAAAAAAAAAAAAAAAAAAAAAAAAAAAAAAAAAAAAAAAAAAAAAAAAAAAAAAAAAAAAAAAAAAAAAAAAAAAAAAAAAAAAAAAAAAAAAAAAAAAAAAAAAAAAAAAAAAAAAAAAAAAAAAAAADu9aLlh5YfW37u5NMD867ly//2ry35s1+2AAATvGrJBzkf5l9aPrf83+D8s+VjS36G1y3pHAAAF/CXlpvRfEbmv7X0PsaV8q+Wm1mEdFK+bQEA7pEPfj6eM0b110pmC/7ekg5BOjUAcLxMnd+M8Hsfzx2Tzk06Oens6BAAcIR88LJmnrX73sfxxKTz87cWywUAbCcb9963/N7S+wjKN9/8u+UfLZkZAIBl5VhepvdX2LxXLdlMmH0Djh0CsIRMY79p2WkT3+z82vJTy3ctAFBKPk4ZsWYau/cRk8skSwSZWQGAqfIx8uEfn3QELA8AMFw+/PkI9T5OMi45TfF9CwBcVUadPvz1ko5ATloAwEXlw+/sfv2kpoCOAADPll39qVrX+9hI3WSWxqkBAJ4ktetzHr33gZH6SdGlHMkEgAfJBr9cddv7qMh6SU0GywIA3Cl1+t+2ONK3Z1KK2X0DAPyP1J9Pxbneh0P2SZZ0cvEQAIfLiNCxvvOSZQGbBAEOlQIyRv3nJpsE3TwIcJjsDrfWL0mOeQKwuUz5f2jpfQjk3GRJwCVDAJsy5S9fS5YEUvsBgI2Y8peHJrc75kgoAAsz5S9PiSUBgIXl4//Pll4DL3Jffmtx1TDAYjJ6SwPea9hFHprsC1BGGGARGbW5xEculewdUS8AoLg01Bm19RpykedECWGAol632Okv10wuiwKgkBzz6zXYIpeOyoEARfzc0muoT02WQD615JKj/NvcJDMkP9yTFMK5/d/kCt38WfZU/G/ybwvARPlI9RroE5Kqhr+03P64X7uAze1OQuornHzMUicAYJLTpv1zrDEj8nzsK11lm3oL6RSkgt5pHQLLAQCD5SPYa5B3SqbyM8rM7vOVqtLd7hCcUIvBxkCAQXLUb+fd/plaTwdnF1k2SEdm5+OZjggCXFmK/Oz4IUnt+SxpZPS8q+xPSMcm+xZ6/wYrR7EggCvKNPhOu9Hz0cg0+YmXzmQPQ6bOd/t9ujsA4MLywdhlPTkzGNlFX2kj3yyZFfipZZeOQH63L1sAuIBdbvW7+fDvPM3/VDcdgR06efk7uEoY4AJWXzPO6DYft2uf0d9FNtSt3hHIng6/b4BnyIez18CukqzxG/E/Xj6emS1Z+bRHfvcAPEHuYV/1A5ARoA1hz5ep9I8tvX/jFZJ6CAA8QkbNK04DZ50/x/m4rHxIV9womOfBfgCAR1hx3T/Fbkz3X0+WBVJ6t/dvXzn2AwA80Grr/hnlmeodJ0tDq80G2A8AcI/V1v0zujPFO15mWlbbG6CTCHCH1db9czOfqd25clKg97upGPsBAO6QS3B6DWe1pCHf6bKe1eWyoVWWBDJjBMAtuUil12BWS2YolHqtJ2WVV6kW6ZQIwJ8yjb7C1H8+MHb515XnaIV9AZlBcg8EQLPCOm4+LNb715DjmL3fYaXkZwQ4WqbTq+/6T2Pt47+WFeoFZO8CwLGqT9nmQ8Kastbe+51WSZaUdCyBI2Unfa9hrJIsTbC23CzY+91WydsWgKNkM13lo1tG/vuo3AnI8pfaAMBRUhq11yBWiA1a+6m80TT3XgAcIdfk9hrCCrHbf1+p3Nj7nVeIMsHAEare9GdT1v6qVpvMswewtaqj/xQiUuRnf+ngVT15YhYA2FrF0b9LWs6STsCvLb1nYWbMAgDbqjr6N/I6T9UCVJ5FYEsVR/85jcCZKh4PNAsAbCcjrl6DNzO5mtWmv7NV3BSYmzEBtlHt3L91fyIbP6vdRKkuALCNXH1abb3VWis3XrVUez6zXwZgedVG/ykIA7elJn/vWZkVswDA8qqN/nP/gPP+fCl7QbIBr/fMzIpZAGBpP7X0GrdZyc5v6Mn9/L1nZlacUAGWVmlU9akFvqbSqYDMVjmlAiypUuGfLEOYUuU+WbLKCZHeMzQjNqsCS8qd+r1GbUZMp/JQlZatMiMBsJxMYfYatdExlcpjVVm6ysyVTavAUlLNrNegzUhGdPAYmXrvPUsz8qYFYBn/aOk1ZqNj9M9TVZkFsHkVWEY+uFXO/hv981SVZgGUrQaWUOWWNaN/nqvKLMDPLQDlZcqy14iNjtE/z1VlFiAXFgGUlh3LvQZsdOye5lKqnGZRxwIorcqIybl/LqVKXQAzWkBpVW7+S0U3uITsI6lQHdANgUBpFTZNOTbFpVU41ppOCEBJVdb/3fjHpVW5KdA+AKCkCuv/2fzn6B/XkJ34vWduZOwDAEqqsP7v8hSupcLlVvYBACVVWP/PHQRwDS9bes/cyNgHAJRTYf0/57Xhmj639J69kbEPACilwvr/+xa4prctvWdvZOwDAEqpsP6fTghcU0bfvWdvZOwDAEqpMDWq9C8jzC4KZKkLKGV2o5gNiDBCRuC9Z3BkdHaBEipsAFT7n1Eq3A1gIyBQwquWXiM1Mtb/GaXCPoDXLQDTvWnpNVIjY0qUkWYveaUoEcB0s08AWP9ntNn7AJwEAEr42NJrpEbF+X9Gm10P4NcWgOnSGPUaqVFRGIXRZhe+yqVXAFPl5r1eAzUyNgAyWoWNgLmbAGAaDSEn0vEFjpfjSL3GaWTSGMNoqcjXex5HJfsQAKb5W0uvcRoVm6GYZfbm159bAKZJI9RrnEYljTDMkNMnvWdyVP7RAjDN7A6AEsDMMrsksA4AMNXsIkCmQZll9vKXYkDAVBmF9BqnUUkjDDP80NJ7JkflUwvANDoAnEoHADhaGqFe4zQqzkIzy+waGL+1AEwzuwOQURjM8KKl90yOig4AMFVu4us1TqPyqgVm+K6l90yOSq4kBpgmo5Be4zQqGYXBLL1ncmQAptEB4GS9Z3JkAKaZXQ8907AwS++ZHBmAacwAcLLeMzkyANPM7gDkKBbM8G1L75kcGYBpchtfr2EaFccAmWX2McB/twBMM7sOwI8tMMPLlt4zOSrqAABTze4AKAXMLLNLAesAAFPpAHAqHQDgaB9aeo3TqLxtgRlet/SeyVH53AIwzfuWXuM0Ku9aYIY3Lb1nclQ+tgBM83NLr3EalV9aYIa/t/SeyVHJVdwA08weBeUyIpghnc/eMzkqZr+AqXIff69xGhVnoZlldg2Mn1oAppm9EzpRDpgZes/iyDgBA0w1uxpaohgQo80uApSogglMVaEeevYhwEjpdPaexZFJJwRgqtlXAmc3NoyU9ffeszgyf2kBmCrnkXsN1KikGiGMlCN4vWdxVLIBEWC62eehcxLAaIiRZl+Drf4FUMLsWgCJDVGMUmHjqxoAQAmvWnqN1MikIiGMkON3vWdwZHIPAcB0FU4C2AfAKLPX/5PvWwBKmL0mah8Ao3jWAW6ZXRc9sQ+Aa6uw/u/+C6CUCuei7QPg2iqs/6t7AZSSNcleYzUyRkZcW4WZrlzABVBG1iSzNtlrsEZGeVSuJZtdKzzjLr8CyslO/F6DNTLOR3MtFepdZAMiQDlZg+81WiOTewngGj639J65kckRRIBysgu/12iNjtMAXFqF3f9JNiEClJN9AL+39BqukTFK4tIqzG4l1v+BsirsklYohUubXfwnccoFKK3COelErXQupcrSlvP/QGnftfQar9ExWuJSKsxqJfa2AOXl49trwEZHwRSeq0KBq8SyFrCEKhumzALwXFVG//k5AMpLNb5eIzYjZgF4qiqj/8SeFmAZVZYBzALwVFVG/zlaa/ofWMbbll5jNiNmAXisSqN/dS2ApVQ5DZCYBeCxqoz+E7v/geV8bOk1aDOSi1zgIX5s6T1DM+LyH2BJVYoCJbkkKLMS8DVZa/+1pfcMzUhO1AAsJ41phfvTb/K+Bb6myhHWm+i0AstK+dJewzYrr1qgJxftVOqwOvsPLK1STYDEhkDuUmnjX2LzH7C8ag3rTy1wW46K9p6VWdFRBbZQrXHNNG9mJiCyzp5Nor1nZVacWgG2UWlndZKfR3U14lNL7xmZlXRGPJvANjLt3mvsZkaFNart+k/c+w9sJSOaatOsSWoVcKacCKm06z/Jz+PoH7CdirMA9gOc6duWVNnrPRMzY/QPbKnqLID9AOepdjIlMfoHtlZxFiDJvQWcoeK6f2L0D2yt6ixAYlPg/qp2QI3+gSPkjHOvEawQl6/sq9LlVF/mXQvAET639BrCClGEZT+54rfajv+bZDOiPSjAMb5vqdogJ6leyB6qP2vpnAAcJdOevQaxQvLB0DCvLx//31t6v+MK+dACcJxMe1Y8i30TnYC1Vf/45/my8Q84Vj6wvcaxUlQLXE/lNf+buJUSOF6mQXsNZKW8bWEN6bBV//i77hegyTRo5anamziqVV/lI6a3k+UJAJpVGm7FguqqWuHvy6j4B/CFyrUBbic/p81bdeRin4q1/Xtx1z9AR/Xz2reTJQsnBObLlb6VT5J8GfUlAO5QuTZAL/l5jejmyMbMVTqMSWYpALhDPqarLAXcJD/vixbGyJR/bm/s/S6qJrMUlo0A7pGPadUbA+9KlgTUC7i+LLus9mxklsKuf4AH+qFlpendm3xqednCZWX0vMpGvy/zugWAR6h6d/tDYm/A5ay21n87jvwBPFHO3fca1hWSqWq7vp8us0C/tvT+bVdI9ikA8EQrbgr8MvkQWAN+uOwBWaE89NeSTX/ZrAjAM6y4KbCXdAQyqqUvnaSVZ3xukg2h9oEAXEgKvqy6DvxlslFQR+C/8uFfdYNfL5Z9AC5slfsCHprcCHfyxyKdup0+/EnuIwDgCt639BrelZP14pwaOGHaOMf5crpj5c19d0WlP4AryqbA1arAPSaZFchMx05V4/I7S5Gk3X9vjn0CXNnunYCbZESZD+eKZYazAz7LG9nUt8vejbuSj78d/wCDnNIJuEmWCfIxTVW5irMDNx/8FL7JB7H3d9gxPv4AE5zWCbidrKFnP0TW03OiYGSnIB+8/D+zVHHaB/92Up/Cxx9gkpM7Ab3ko5Slg+xGz/JBPtQ3eUgn4ebjfpPMOOTPSmGeHF/s/T9PTJ45a/4Ak6Uh3qGAjKwRH3+AYnQC5Nrx8QcoSidArhUff4DidALk0vHxB1iEToBcKj7+AIvJEbndi9DIdaO2P8CicuHMDlcJy9jkSt8fWwBYWM62Zxq319CLfJnUUlix/DIAd8h0bq/BF7lJKhta7wfYUKrbZXq31/jLuckzkaqHAGwsJXEzzdv7EMh5yb0KL1sAOECmeTPd2/sgyDnJHQem/AEOlCtsLQmclxwPzW2GABwqR71Ovc725PzWkjoRRv8Ah8mGLx9+yexPToe41x9gYxnt5Y78jP56HwM5N1kSyJ6QbBAFYBMZ3WW6V0VAeUhyj4RCQAALy2gu07s2+clT8kvL9y0ALCIj/nctLgKSSyQdATMCAMXlaJepfrlGskfAZkGAYlLi165+uXaynJT9JABMlhKumaLtNdYi10rKB7suGGCCTMUq5Suz86nFRkGAQTIFa2e/VMr7FjUEAK4k0/1u8ZOqSac0haYAuKC3LY71yQr52GI2AOCZjPplxZgNAHii1O1PMZ9e4yqySswGADzCq5Ycs+o1qCKrxWwAwD2M+mXnmA0A6Mhav0p+snsyG/DXFgCaNIjO9ctJyUwXwLEy5a+a32XyW0uq0t0kd9rnKuTbSUcrdyZ8LSlv++V/lyI3t/9s+zMuk/xbulwIOE7WQh3ve1wyS5KPRj7I+TDnYz2zDG3+3+k05GdJRy4/m5sYH5f8e2XTK8AR8tEw5X93Mpr/0JIP682ofTX5qOVnz98hsxFmDe5OCly5YRDYXj4IvUbw5GQUmA9+joq9aNlVZn1et6RDkE5O79/i5OQZyLIYwFay1pljUL2G77Rk9iNXGGfUl9MPp0pn501LPnyWDv6TzJSc/EwAm0mDdvKIL1O86fzkPgPrvXfLnoJ0itI5Ovneh3QQs78DYGknr/dnk2NGuHZ6P16mwrMkcuqsUTpAqgcCy8p672kjucx0ZJ/Dzmv5o2XvQGYGTtxImGcJYClpsHsN2o7JDEc2tpnev74sJ+XI4Ul7BvJsASzhlOI+WavOLIed23NknTwfxxNmmbIU4jkDykoDlR3dvQZsl2S0n2lZl7rUkecuM067zwrkrgz7SYBy0jClElyv4doh+bjkw68Bri0b53Y+cZK/m2OCQBnZ8LbrBq18+DO6NP26lnQEdr1dMrNQM0tAA/whH/8dR1z5O+Uj4sO/tpQj3rEjoBMATLXjxz8zGc5f7yf1KHZbotIJAKbIWvhOH/98+DNaZG+7dQR0AoCh8vHfZVo1R8hSotdU/1lyfHOXUwM6AcAQO338c47fcb5z5Vl+19J7NlZLZuNUnwSuZpePf6b7XbbCjYyec29D71lZKToBwFXs8PE33c/XZPPn6ssCOgHARe3w8U8pVQ0j98mzvnopa50A4GJWvpI1jaHpfh5r9WWBdNjTmQF4svctvQZmheSiGNP9PEfKP/eerRWSjjvAk6x6pW/W+hXz4VJSO2DVvQFZzgB4lEyb9xqU6skOf5elcGk5LrpqAaF05AEeJB/QFBfpNSaVY8qfa1t1ScA+GOBeGelk41yvEakaU/6MtOKSgGqBwFdl9LzazmdT/syw4pJAOvYqXwJdH1p6DUfVmPJnttWWBNLB984A/yMV8noNRtW8aYEKsr6eZajec1oxuQMD4A9Z0+w1FBWThtaGJqrJ+vpKG2edDAD+WBNcZUNTGthXLVBRyu+usoE2HWnvEhxulTK/aVjtYqa6dKhXuTcjG2jtB4BDrVLpLw2Vy01YRWrwr3JCIBtpgcNk+m+FjUsuNWFFGVmvcqpGDQ04SBqnFdYqszxhipKVrXCZVgYCamnAITLt12sIKsUZf3axQq0A9QHgAJnu6zUAlWJdkt2s8N65ORA2lmm+6uv+Pv7saoViW39tATZU/XiSNX92966l9+xXSWqCuC8ANlP9yF86Jz7+nKD6HhyzcLCR9OgrT/3nnL+jfpwiHd3qBbhSHhzYQC7/6L3kFZLjiIr8cJp0Aipfva1KIGwgm3p6L3iFpLa/88ecKrNe+dD23o0KyfFFYFHpwVe96MdlJFD7AiEFgmBhOdfbe7FnJw2LK33hP/KRrXqVcO40ABaTm/N6L3SFvGkB/qvy3RzuCoDFVD3z74gR9FU9qqs2ACykasUxO4vh66qe2NFxhwVUPfNvQxHcLycDqm4KzLIiUFjVjX/WEeFhqu4HyOwEUFTV0b/pQ3icqvsBVAiEoiqO/q37w9NU3A+QzcVAMRWP/Vn3h6fLjF7FQl6uDIZiKo4WrPvD82TKvfduzYxZACik4ujfuj9cRmry996xmTELAEVUG/1b94fLSkne3rs2K95xKKDibX/q/MNlZZav2gmfnFQAJqpW8tdZYbiOdy29d25WskHRLABMUm30nxGKmuFwHfnYVjsVYBYAJvnY0nspZ0VjANdVrdOfvQDAYNV2/mcpwnQgXF+1Tb9OBMBg71t6L+OsKBEKY7xoqbQhMDORwCDVav5/aAHGqXblt5sCYZBKhUFs/IPxstyW9ffeOzkjCn/BANV2Atv4B3Ok3kbvnZwRAwEYIPX1ey/gjNj4B3Nl+a33bs5IZiaBK6pU+MfuX5ir0n4ghYHgiipN+bkRDGqodCLoTQtwBZXO/xr9Qw2VaoIYGMAVZKqv98LNiJccaqk0OHjVAlxQdtv3XrYZed0C1FFpFuDvLcAFfW7pvWyjY6MP1FRlFiBtBHAhL1t6L9qMOPcPNVWaBciGZeACqlT+M/qH2qrMAqgMCBfyW0vvJRsdo3+orcp1walNYLAAz5Qdtb0XbHSM/mENVYqF2SwMz1SlyIfRP6yhyixAliOAZ8jIu/dyjUym875tAdZQ4aZA7QY8Q5XSv+77h7VU2TisNDA8UXbS9l6q0XGkB9byoqX3Lo/OpxbgCX5v6b1UI2PzH6wpH9/eOz06lgHgkaoU9VDWE9aU6ffeOz06Lg6DR6qyhpeOCLCejLyzEa/3Xo+MokDwSBWm77KTGFhXhcqAKWQGPFDW3Cv03N+2AOuqUhMgmxKBB6hy/O+7FmBdGUxU2EzsOCA8UDbe9V6ikfnYAqyvQjVRVQHhgSrU8v5bC7C+CveJZBYCuEem3Xsv0Mi4yQv2UuFG0XREgK/IyLv38oyM6TrYS4VlxRxtBr6iQvlfN//BXiqcBlAWGO5RYapO8R/YS4oC9d71kbG0CF9R4SVVtAP2VKG4mMEF3OGHlt5LMzLKdsKeKpQXd7oI7pC1995LMzJeUNhThQGGy8XgDh9aei/NyCjZCXuqUGL8cwvQMbsAkPV/2NvsfQAKAkFHeue9F2ZkrP/D3irsA3jZAtxSoVzn6xZgX9oZKCi3ZfVelpHJMURgb7NvB3zXAtwy+8au7D8A9pdS3702YFTcNApfmL0BMB0QYH9vW3ptwKjYCAi3VDieo/4/nKHCvQC59RRocva+95KMzI8twP5SjrfXBoxMihIBTYUKXY7mwBkqHDlWcRT+lJeh95KMDHCO2beOph4B0MwuzvFrC3CO7MTvtQWjougY/CkvQ+8lGZUcCwLOMfvYcUoSA83s+txu6IKzzL551L0j8KdMwfdeklFJFULgHDn102sLRiXHnoFmdg0ARwDhLDn102sLRkYtAI6Xl6D3coyMFxHO02sLRiYXE8HRZt/OZSoOzjR76dGtgBwvL0Hv5RgVlwDBmWZfCpQ7CeBosy/mcBwHzjT7+LELyDje7CJAH1qA8+Re/l6bMCqKAXG8nMHvvRyj4iWEMxl8wGSzp+EUAYIzzS4GZPmR483uALiUA840+xIyHQCOpwMAzKADAJPNvgfAvdxwph9aem3CqLiFlOPpAAAzzO4AuBCI483uALgHAM40+z4AHQCOl0p8vZdjVDIKAM7zoqXXJozKv1rgaOkF916OUXEhB5ypwkVkcLTZHYCMAoAz9dqEkYGj6QAAs/TahJEBAAAAAAAAAAAAAAAAAAAAAAAAAAAAAAAAAAAAAAAAAAAAAAAAAAAAAAAAAAAAAAAAAAAAAAAAAAAAAAAAAAAAAAAAAAAAAAAAAAAAAAAAAAAAAAAAAAAAAAAAAAAAAAAAAAAAAAAAAAAAAAAAAAAAAAAAAAAAAAAAAAAAAAAAAAAAAAAAAAAAAAAAAAAAAAAAAAAAAAAAAAAAAAAAAADY0Dff/D97gEa+fSzJ9gAAAABJRU5ErkJggg==', 1, 3);

-- --------------------------------------------------------

--
-- Structure de la table `historique_points`
--

DROP TABLE IF EXISTS `historique_points`;
CREATE TABLE IF NOT EXISTS `historique_points` (
  `id_hp` int(11) NOT NULL AUTO_INCREMENT,
  `nbr_point` int(11) NOT NULL,
  `date_hp` date NOT NULL,
  `id_e` int(11) NOT NULL,
  PRIMARY KEY (`id_hp`),
  KEY `id_e` (`id_e`),
  KEY `id_e_2` (`id_e`)
) ENGINE=InnoDB AUTO_INCREMENT=27 DEFAULT CHARSET=latin1;

--
-- Déchargement des données de la table `historique_points`
--

INSERT INTO `historique_points` (`id_hp`, `nbr_point`, `date_hp`, `id_e`) VALUES
(1, 46, '2023-05-14', 46),
(2, 46, '2023-05-14', 46),
(3, 46, '2023-05-13', 46),
(4, 46, '2023-05-14', 49),
(5, 200, '2023-05-20', 45),
(6, 50, '2023-05-20', 45),
(7, 100, '2023-05-20', 45),
(8, 100, '2023-05-20', 45),
(9, 100, '2023-05-20', 51),
(11, 200, '2023-05-21', 45),
(12, 50, '2023-05-21', 45),
(13, 50, '2023-05-21', 45),
(14, 100, '2023-05-21', 45),
(15, 50, '2023-06-08', 45),
(16, 100, '2023-06-08', 45),
(17, 50, '2023-06-08', 45),
(26, 200, '2023-06-09', 175);

-- --------------------------------------------------------

--
-- Structure de la table `recomponses`
--

DROP TABLE IF EXISTS `recomponses`;
CREATE TABLE IF NOT EXISTS `recomponses` (
  `id_r` int(11) NOT NULL AUTO_INCREMENT,
  `date_attribuation` date NOT NULL,
  `nbr_point` int(11) NOT NULL,
  `status` int(11) NOT NULL,
  `types_recomponses` varchar(50) NOT NULL,
  `commentaire` text NOT NULL,
  `react` int(11) NOT NULL,
  `id_e` int(11) NOT NULL,
  `id_e_r` int(11) NOT NULL,
  PRIMARY KEY (`id_r`),
  KEY `id_e` (`id_e`) USING BTREE,
  KEY `id_e_r` (`id_e_r`) USING BTREE
) ENGINE=InnoDB AUTO_INCREMENT=391 DEFAULT CHARSET=latin1;

--
-- Déchargement des données de la table `recomponses`
--

INSERT INTO `recomponses` (`id_r`, `date_attribuation`, `nbr_point`, `status`, `types_recomponses`, `commentaire`, `react`, `id_e`, `id_e_r`) VALUES
(7, '2023-04-01', 15, 1, 'recpetion', 'commentaire', 48, 46, 49),
(8, '2023-04-02', 15, 1, 'envoi', 'coments', 2, 46, 50),
(9, '2023-04-04', 20, 1, 'send', '', 54, 50, 46),
(10, '2023-04-10', 10, 1, 'send', '', 1, 49, 50),
(14, '2023-04-06', 20, 0, 'envoi', '   ', 0, 45, 49),
(379, '2023-04-11', 10, 1, 'envoi', '   ', 1, 45, 46),
(380, '2023-04-11', 20, 1, 'envoi', '   ', 30, 45, 46),
(381, '2023-04-11', 40, 0, 'envoi', '   ', 0, 45, 50),
(382, '2023-05-02', 100, 0, 'envoi', '   ', 0, 46, 45),
(383, '2023-05-02', 20, 0, 'envoi', '   ', 0, 46, 45),
(384, '2023-05-02', 60, 0, 'envoi', '   ', 0, 46, 45),
(390, '2023-06-09', 60, 1, 'envoi', '   ', 0, 175, 169);

-- --------------------------------------------------------

--
-- Structure de la table `responsable`
--

DROP TABLE IF EXISTS `responsable`;
CREATE TABLE IF NOT EXISTS `responsable` (
  `id_r` int(11) NOT NULL AUTO_INCREMENT,
  `nom` varchar(100) NOT NULL,
  `prenom` varchar(100) NOT NULL,
  `email` varchar(100) NOT NULL,
  `password` varchar(100) NOT NULL,
  `grade` varchar(100) NOT NULL,
  `image` text NOT NULL,
  `id_admin` int(11) NOT NULL,
  `solde_argent` float NOT NULL,
  `nbr_point` int(11) NOT NULL,
  PRIMARY KEY (`id_r`),
  UNIQUE KEY `email` (`email`),
  KEY `id_admin` (`id_admin`)
) ENGINE=InnoDB AUTO_INCREMENT=16 DEFAULT CHARSET=latin1;

--
-- Déchargement des données de la table `responsable`
--

INSERT INTO `responsable` (`id_r`, `nom`, `prenom`, `email`, `password`, `grade`, `image`, `id_admin`, `solde_argent`, `nbr_point`) VALUES
(3, 'Nesrine', 'Ben Romdhane', 'nesrinebenromdhane441@gmail.com', '$2a$12$/f/yUpk2Hh1k.AUU4r3e9eK24672iUQ.q.UL/FzeI1sHP5c5JbI3i', 'responsble IT', 'iVBORw0KGgoAAAANSUhEUgAAAV8AAAEECAMAAAC4IseHAAAABGdBTUEAALGPC/xhBQAAAAFzUkdCAK7OHOkAAACKUExURUdwTN/VzujKvfW9p9Tq81VYj97Qy1BUjk9Uj+7DstjX105Sj1FVj1BUj9bj6MKdoPa9ptvZ2dnf4fi/p/i/p9rc3ODV0Jvf+Jve95vf+VFVj9Hw/Pi/p5vf+PCsktyzqLDE2Id3lnF+rGZpmsTq+pOtzvG1noSUvKrk+bzX6qeMm2Jhk6bY7Oj//81ITTUAAAAudFJOUwASJvj9vDtrO1uXG9+X8v6AuuKv29B1ueRj/////////////////////////ybpwcAUAAAJdElEQVR42u2daXeiTBSEE5csRmMWzcwLGFEMbpn///de99DQQAO3PJCu+jjpo8cnneqqC4w3N79B9zcUUs4DGQD14PSfSAFoD47TJQWYnpydaMEwdfd8acFYvHQI0NnWd06iQ2COtrP6pCFOt+9ExA2MpEsHlvXdgZPQuWQM2Daqsb3vOjqdDaLPsFa+TNwP+k6KzgZBLy7J9iGd7UHncQQBFwV7P+hmo40Y8IBpwtxpd2C7jqkeLuMIAq5itFn796mv0Kb06asw22ODe4qGYgIWhKvnTSV8oeuIiRacoDtwJMUiF7OGvihejiRiExtHWjziortXHC83cNR7+/J8uYGR7rDTgFzP6iL4MgMD3ZcGAXZfdgysOzBBQA83GvDFHRyYCBfoDpxBYN2BAQLsDuSLdQfyhTUL8j2pD+Vr/fl2D8XLfIbdvl1uX6isH1BqwsNsy+MNGR5m0y2PNyHpLsjPPDHA1tuvo+UrBtj28a/2dNt4nhcGTGeoarzn64UzpgeMPThD76AN+WJGD9MjXwETpv3q5F20IV/xdLaPDxdNA/KVPt6ifCtuYfJNP94uW3jGdizKd+p5UoQf6L8Jbb2kyhIm3zz7vRDekK9MPht6eoWb4nH4iXwTCr00tYcB+VblO/OyVNCIbef7YG4PP5t4xvFZBb6hlytzxLbzfSpoDz8aGl2kI9+i9qBEtrxtzJt/y9iDso03AflmqF/SHhQ3TmVMvv3y9qB0j+FmFpBv/oAn9CpoOow5Mh9u6Va2h5i25Jsx4BlW5jsj3wy+oSxfPn08ELYH9XIS+d4L24M3JN90vu3qfKfkmzrgEbAHL+Tl41S+AvbgeeSbyrctwTcg35QBmoQ9qAGNfG+k7UEJaOR7I20PCl8+uxkZoMnYgxKAyTfCV8YelABMvpEB2lSGr0e+WL5b3v6gHfAI4Y0GNPIl32sNeLZSfDe8/eFHty/n718IpPieA1q/223Zjvfl5569mRTfaSTuje6sxvsesUwxvqHSBh9t373nP+mNFF9POS7b9npEy8PwDZTj8t16dzha5tATDWg/dmPtBm6D+G5Uvi/W28PhSILxtdUgHiO3QAqOH04BOGLntqeH45EfeqIBjXxfvCupRb7k22C+PN/IF5vPoLK2wLWvw9fWfhHpxzzemmvAI45/obJ4AHzH7dv4CGz3Jbh3ugNUtyfA4lHt+IJty/HuPfh95I1epI1i1Hpv71729oaCGPGISKFR+J1IobOIFyJVzznyxYqxDKsRW0WTigaDGTSgtQkUGtAYf7GjNMZfbEBjPMMGCPLFBog78kQecIwPGgNu0x4akoDbbBfQE47bFxqBGX6hR9yI7oC04BFHZ8gdTLxQwDSHvEOuUgx+J948tUZMDtgiV3oSwYtuyBjBk83chEe03np5BG/kKxrU2ty8tckRHOiU2cGmD3y3PwmrDN/PTyPC4Sf5luRrAni3inzL8s0lfFhDvuX5ZhIOP8m3Mt80wuHl5+Rbje+OcJhBl3wr840hDtUffbJdFNefv9PPuMKDEv/sT/4jr4IDiD+TycT/NFH4vVtKwMXw/p3s5Yf5eKffh6U9QjPXvyPeyeR7mofXP62c/CE2U92d8eZ6xGnzHgHzlDPTf5Oosjxiqqwk4BJ4d5rmesNJf/+RXq56k4T8XG8gYOPYO9FId8xNdQsnvHE9P/YaAfb1CxmEy+BNeITGGwjYPPbmbeFpxjo2DZPYq9MZcOhnr2PT0OOd5MnP8wYG4QKxN8UjfIN1BFwK707rb6NlDMKx4PBqhncy/zJcyPulfvQx7rgLI2qB4yxN1q1c9/mV91MejrXXjrvXYmWE13G+jPDu9WZ9VLvtPbsXrYzwGgBeXF6yM7bZJz7eXEU5HjE/f+tjDmD1RTuW+sTZF4wBz3++VvMr3xuieu5Z7QtRrUzwZgFeaF+2M/6w2BdMACt4Hee7EF6bfELnC/ke8a3ideYrQ29QfeLWVl+IAl7pwMX4Lt1VYby/3ieyfCHTI3bgYv7gu24Bb1B94nde47gbd1xTLZL78kvlu19VCu/v9ImWgS+kAj782a9V+3XjgFeFXt/9VT5h6gt6jziRC5R8Fv8tLAq/wW/xiVYBX9ABPm/MZZTvOrbNF6Xe4jf0jl45uhd4l797P4I3SFlTnHDD9/Djs1teCwXdQkln+jUl9NpkvK9uNa2i6Jbzi/zoL2FR7T0avIXHblVF2W11+1dAnaaOMN8kKaT4g8WAZfEqAXjuErAwXiU/bF3rAY+FEagFeSENuGmzy540Xm2/kNNzw+aQHXG+89j4TFg9u91BO3+w1iHu5PEuYuN1cY0tzg4p80lZ3dm8fZV4Jh/QmrWBAds3fv1iIf8OnaZc1GgB8KrxDBDQGhQhegi+yeub4nq22B7UeIYIaDs1JKIhPvoicf+DtQaBSA+xeIYJaA1JEBD79WN8A9daA35FfPRYPIMENNdtREIbIz75Ms4XEdCaUeEg8WEe54sIaG4jbup5RnzyIM73y9oA0QF88Hg8szmgIfiuE3whAa0RN5tcI56BAloTAjCkXiTiGSagvTWA7+NV4hkmoDWhYHxcJZ5hAlrH1nocJPlCApqt9TiJFxPQGlCQEfV4reELCWgNKMiIeuxr+EICWgMKMqIea+IZJqA1gC+ivi11fBEB7dVOvnMdX99OvleKZ5iAVv+CDKnHOryQgFb/goyox2stX0RAq39BRtRjX8sXEdDqX5AR9Vgbz47P0FvHF1GPl3q+iIBmZT2e6/kiAlrtCzKiHgd6voiAVvsHtRD1WI8XEtB6FvJdp/Cd28gXUI/9FL6IgFb7gny9eAYJaHUvyIh6vEzjCwhodS/IiHo8T+MLCGh1L8iIehyk8QUEtLoXOEQ9TsOLCGh15wuox+tUvoiAZl899lP5IgJazQsyoB6nxjNIQKt5QQbUt2U6X0BA+7CO7zydLyCg1bwgA+pxkM4XENBqXpCvGc8s/G82AI/OrzP4AgJavQsyoB77GXwBAa3eBRlQjzPiGSKg1bvAAerxMovv2jK+gHo8z+ILCGi21eMgiy8goNW6IAPqcRZeRECrdUGWr2/rTL6AgPZhF18/ky8goNW6IMvX48x4hghotS7IV45niIBW54IMqMfzbL7yAa3OBRlwdT7I5isf0OpckAHjh2y8gIBWZ77y44d1Dl/5gNaxiq+fwxcQ0Kwa7+TEM0RAs2q8s8zjuyZfYDxDBDRRIv8DcG8oHN5K1ewAAAAASUVORK5CYII=', 3, 0, 500),
(4, 'Amine', 'Amine', 'amine123@yahoo.com', '$2a$12$ZprR5CH.3krsuRUuClUz5O1PA8ZoxkdgNYMcqCmOUt7M7Alujd9tC', 'responsble BU', 'iVBORw0KGgoAAAANSUhEUgAAAV8AAAEECAMAAAC4IseHAAAABGdBTUEAALGPC/xhBQAAAAFzUkdCAK7OHOkAAACKUExURUdwTN/VzujKvfW9p9Tq81VYj97Qy1BUjk9Uj+7DstjX105Sj1FVj1BUj9bj6MKdoPa9ptvZ2dnf4fi/p/i/p9rc3ODV0Jvf+Jve95vf+VFVj9Hw/Pi/p5vf+PCsktyzqLDE2Id3lnF+rGZpmsTq+pOtzvG1noSUvKrk+bzX6qeMm2Jhk6bY7Oj//81ITTUAAAAudFJOUwASJvj9vDtrO1uXG9+X8v6AuuKv29B1ueRj/////////////////////////ybpwcAUAAAJdElEQVR42u2daXeiTBSEE5csRmMWzcwLGFEMbpn///de99DQQAO3PJCu+jjpo8cnneqqC4w3N79B9zcUUs4DGQD14PSfSAFoD47TJQWYnpydaMEwdfd8acFYvHQI0NnWd06iQ2COtrP6pCFOt+9ExA2MpEsHlvXdgZPQuWQM2Daqsb3vOjqdDaLPsFa+TNwP+k6KzgZBLy7J9iGd7UHncQQBFwV7P+hmo40Y8IBpwtxpd2C7jqkeLuMIAq5itFn796mv0Kb06asw22ODe4qGYgIWhKvnTSV8oeuIiRacoDtwJMUiF7OGvihejiRiExtHWjziortXHC83cNR7+/J8uYGR7rDTgFzP6iL4MgMD3ZcGAXZfdgysOzBBQA83GvDFHRyYCBfoDpxBYN2BAQLsDuSLdQfyhTUL8j2pD+Vr/fl2D8XLfIbdvl1uX6isH1BqwsNsy+MNGR5m0y2PNyHpLsjPPDHA1tuvo+UrBtj28a/2dNt4nhcGTGeoarzn64UzpgeMPThD76AN+WJGD9MjXwETpv3q5F20IV/xdLaPDxdNA/KVPt6ifCtuYfJNP94uW3jGdizKd+p5UoQf6L8Jbb2kyhIm3zz7vRDekK9MPht6eoWb4nH4iXwTCr00tYcB+VblO/OyVNCIbef7YG4PP5t4xvFZBb6hlytzxLbzfSpoDz8aGl2kI9+i9qBEtrxtzJt/y9iDso03AflmqF/SHhQ3TmVMvv3y9qB0j+FmFpBv/oAn9CpoOow5Mh9u6Va2h5i25Jsx4BlW5jsj3wy+oSxfPn08ELYH9XIS+d4L24M3JN90vu3qfKfkmzrgEbAHL+Tl41S+AvbgeeSbyrctwTcg35QBmoQ9qAGNfG+k7UEJaOR7I20PCl8+uxkZoMnYgxKAyTfCV8YelABMvpEB2lSGr0e+WL5b3v6gHfAI4Y0GNPIl32sNeLZSfDe8/eFHty/n718IpPieA1q/223Zjvfl5569mRTfaSTuje6sxvsesUwxvqHSBh9t373nP+mNFF9POS7b9npEy8PwDZTj8t16dzha5tATDWg/dmPtBm6D+G5Uvi/W28PhSILxtdUgHiO3QAqOH04BOGLntqeH45EfeqIBjXxfvCupRb7k22C+PN/IF5vPoLK2wLWvw9fWfhHpxzzemmvAI45/obJ4AHzH7dv4CGz3Jbh3ugNUtyfA4lHt+IJty/HuPfh95I1epI1i1Hpv71729oaCGPGISKFR+J1IobOIFyJVzznyxYqxDKsRW0WTigaDGTSgtQkUGtAYf7GjNMZfbEBjPMMGCPLFBog78kQecIwPGgNu0x4akoDbbBfQE47bFxqBGX6hR9yI7oC04BFHZ8gdTLxQwDSHvEOuUgx+J948tUZMDtgiV3oSwYtuyBjBk83chEe03np5BG/kKxrU2ty8tckRHOiU2cGmD3y3PwmrDN/PTyPC4Sf5luRrAni3inzL8s0lfFhDvuX5ZhIOP8m3Mt80wuHl5+Rbje+OcJhBl3wr840hDtUffbJdFNefv9PPuMKDEv/sT/4jr4IDiD+TycT/NFH4vVtKwMXw/p3s5Yf5eKffh6U9QjPXvyPeyeR7mofXP62c/CE2U92d8eZ6xGnzHgHzlDPTf5Oosjxiqqwk4BJ4d5rmesNJf/+RXq56k4T8XG8gYOPYO9FId8xNdQsnvHE9P/YaAfb1CxmEy+BNeITGGwjYPPbmbeFpxjo2DZPYq9MZcOhnr2PT0OOd5MnP8wYG4QKxN8UjfIN1BFwK707rb6NlDMKx4PBqhncy/zJcyPulfvQx7rgLI2qB4yxN1q1c9/mV91MejrXXjrvXYmWE13G+jPDu9WZ9VLvtPbsXrYzwGgBeXF6yM7bZJz7eXEU5HjE/f+tjDmD1RTuW+sTZF4wBz3++VvMr3xuieu5Z7QtRrUzwZgFeaF+2M/6w2BdMACt4Hee7EF6bfELnC/ke8a3ideYrQ29QfeLWVl+IAl7pwMX4Lt1VYby/3ieyfCHTI3bgYv7gu24Bb1B94nde47gbd1xTLZL78kvlu19VCu/v9ImWgS+kAj782a9V+3XjgFeFXt/9VT5h6gt6jziRC5R8Fv8tLAq/wW/xiVYBX9ABPm/MZZTvOrbNF6Xe4jf0jl45uhd4l797P4I3SFlTnHDD9/Djs1teCwXdQkln+jUl9NpkvK9uNa2i6Jbzi/zoL2FR7T0avIXHblVF2W11+1dAnaaOMN8kKaT4g8WAZfEqAXjuErAwXiU/bF3rAY+FEagFeSENuGmzy540Xm2/kNNzw+aQHXG+89j4TFg9u91BO3+w1iHu5PEuYuN1cY0tzg4p80lZ3dm8fZV4Jh/QmrWBAds3fv1iIf8OnaZc1GgB8KrxDBDQGhQhegi+yeub4nq22B7UeIYIaDs1JKIhPvoicf+DtQaBSA+xeIYJaA1JEBD79WN8A9daA35FfPRYPIMENNdtREIbIz75Ms4XEdCaUeEg8WEe54sIaG4jbup5RnzyIM73y9oA0QF88Hg8szmgIfiuE3whAa0RN5tcI56BAloTAjCkXiTiGSagvTWA7+NV4hkmoDWhYHxcJZ5hAlrH1nocJPlCApqt9TiJFxPQGlCQEfV4reELCWgNKMiIeuxr+EICWgMKMqIea+IZJqA1gC+ivi11fBEB7dVOvnMdX99OvleKZ5iAVv+CDKnHOryQgFb/goyox2stX0RAq39BRtRjX8sXEdDqX5AR9Vgbz47P0FvHF1GPl3q+iIBmZT2e6/kiAlrtCzKiHgd6voiAVvsHtRD1WI8XEtB6FvJdp/Cd28gXUI/9FL6IgFb7gny9eAYJaHUvyIh6vEzjCwhodS/IiHo8T+MLCGh1L8iIehyk8QUEtLoXOEQ9TsOLCGh15wuox+tUvoiAZl899lP5IgJazQsyoB6nxjNIQKt5QQbUt2U6X0BA+7CO7zydLyCg1bwgA+pxkM4XENBqXpCvGc8s/G82AI/OrzP4AgJavQsyoB77GXwBAa3eBRlQjzPiGSKg1bvAAerxMovv2jK+gHo8z+ILCGi21eMgiy8goNW6IAPqcRZeRECrdUGWr2/rTL6AgPZhF18/ky8goNW6IMvX48x4hghotS7IV45niIBW54IMqMfzbL7yAa3OBRlwdT7I5isf0OpckAHjh2y8gIBWZ77y44d1Dl/5gNaxiq+fwxcQ0Kwa7+TEM0RAs2q8s8zjuyZfYDxDBDRRIv8DcG8oHN5K1ewAAAAASUVORK5CYII=', 3, 0, 400),
(11, 'Ahlem', 'Benromdhane', 'nesrinebenromdhane44551@gmail.com', '$2a$12$XKQUN01VR31gPmzXScgZueugjF.mclCorx1czdQP.AHVj2Wp7zOpO', 'responsable IT', 'iVBORw0KGgoAAAANSUhEUgAAAV8AAAEECAMAAAC4IseHAAAABGdBTUEAALGPC/xhBQAAAAFzUkdCAK7OHOkAAACKUExURUdwTN/VzujKvfW9p9Tq81VYj97Qy1BUjk9Uj+7DstjX105Sj1FVj1BUj9bj6MKdoPa9ptvZ2dnf4fi/p/i/p9rc3ODV0Jvf+Jve95vf+VFVj9Hw/Pi/p5vf+PCsktyzqLDE2Id3lnF+rGZpmsTq+pOtzvG1noSUvKrk+bzX6qeMm2Jhk6bY7Oj//81ITTUAAAAudFJOUwASJvj9vDtrO1uXG9+X8v6AuuKv29B1ueRj/////////////////////////ybpwcAUAAAJdElEQVR42u2daXeiTBSEE5csRmMWzcwLGFEMbpn///de99DQQAO3PJCu+jjpo8cnneqqC4w3N79B9zcUUs4DGQD14PSfSAFoD47TJQWYnpydaMEwdfd8acFYvHQI0NnWd06iQ2COtrP6pCFOt+9ExA2MpEsHlvXdgZPQuWQM2Daqsb3vOjqdDaLPsFa+TNwP+k6KzgZBLy7J9iGd7UHncQQBFwV7P+hmo40Y8IBpwtxpd2C7jqkeLuMIAq5itFn796mv0Kb06asw22ODe4qGYgIWhKvnTSV8oeuIiRacoDtwJMUiF7OGvihejiRiExtHWjziortXHC83cNR7+/J8uYGR7rDTgFzP6iL4MgMD3ZcGAXZfdgysOzBBQA83GvDFHRyYCBfoDpxBYN2BAQLsDuSLdQfyhTUL8j2pD+Vr/fl2D8XLfIbdvl1uX6isH1BqwsNsy+MNGR5m0y2PNyHpLsjPPDHA1tuvo+UrBtj28a/2dNt4nhcGTGeoarzn64UzpgeMPThD76AN+WJGD9MjXwETpv3q5F20IV/xdLaPDxdNA/KVPt6ifCtuYfJNP94uW3jGdizKd+p5UoQf6L8Jbb2kyhIm3zz7vRDekK9MPht6eoWb4nH4iXwTCr00tYcB+VblO/OyVNCIbef7YG4PP5t4xvFZBb6hlytzxLbzfSpoDz8aGl2kI9+i9qBEtrxtzJt/y9iDso03AflmqF/SHhQ3TmVMvv3y9qB0j+FmFpBv/oAn9CpoOow5Mh9u6Va2h5i25Jsx4BlW5jsj3wy+oSxfPn08ELYH9XIS+d4L24M3JN90vu3qfKfkmzrgEbAHL+Tl41S+AvbgeeSbyrctwTcg35QBmoQ9qAGNfG+k7UEJaOR7I20PCl8+uxkZoMnYgxKAyTfCV8YelABMvpEB2lSGr0e+WL5b3v6gHfAI4Y0GNPIl32sNeLZSfDe8/eFHty/n718IpPieA1q/223Zjvfl5569mRTfaSTuje6sxvsesUwxvqHSBh9t373nP+mNFF9POS7b9npEy8PwDZTj8t16dzha5tATDWg/dmPtBm6D+G5Uvi/W28PhSILxtdUgHiO3QAqOH04BOGLntqeH45EfeqIBjXxfvCupRb7k22C+PN/IF5vPoLK2wLWvw9fWfhHpxzzemmvAI45/obJ4AHzH7dv4CGz3Jbh3ugNUtyfA4lHt+IJty/HuPfh95I1epI1i1Hpv71729oaCGPGISKFR+J1IobOIFyJVzznyxYqxDKsRW0WTigaDGTSgtQkUGtAYf7GjNMZfbEBjPMMGCPLFBog78kQecIwPGgNu0x4akoDbbBfQE47bFxqBGX6hR9yI7oC04BFHZ8gdTLxQwDSHvEOuUgx+J948tUZMDtgiV3oSwYtuyBjBk83chEe03np5BG/kKxrU2ty8tckRHOiU2cGmD3y3PwmrDN/PTyPC4Sf5luRrAni3inzL8s0lfFhDvuX5ZhIOP8m3Mt80wuHl5+Rbje+OcJhBl3wr840hDtUffbJdFNefv9PPuMKDEv/sT/4jr4IDiD+TycT/NFH4vVtKwMXw/p3s5Yf5eKffh6U9QjPXvyPeyeR7mofXP62c/CE2U92d8eZ6xGnzHgHzlDPTf5Oosjxiqqwk4BJ4d5rmesNJf/+RXq56k4T8XG8gYOPYO9FId8xNdQsnvHE9P/YaAfb1CxmEy+BNeITGGwjYPPbmbeFpxjo2DZPYq9MZcOhnr2PT0OOd5MnP8wYG4QKxN8UjfIN1BFwK707rb6NlDMKx4PBqhncy/zJcyPulfvQx7rgLI2qB4yxN1q1c9/mV91MejrXXjrvXYmWE13G+jPDu9WZ9VLvtPbsXrYzwGgBeXF6yM7bZJz7eXEU5HjE/f+tjDmD1RTuW+sTZF4wBz3++VvMr3xuieu5Z7QtRrUzwZgFeaF+2M/6w2BdMACt4Hee7EF6bfELnC/ke8a3ideYrQ29QfeLWVl+IAl7pwMX4Lt1VYby/3ieyfCHTI3bgYv7gu24Bb1B94nde47gbd1xTLZL78kvlu19VCu/v9ImWgS+kAj782a9V+3XjgFeFXt/9VT5h6gt6jziRC5R8Fv8tLAq/wW/xiVYBX9ABPm/MZZTvOrbNF6Xe4jf0jl45uhd4l797P4I3SFlTnHDD9/Djs1teCwXdQkln+jUl9NpkvK9uNa2i6Jbzi/zoL2FR7T0avIXHblVF2W11+1dAnaaOMN8kKaT4g8WAZfEqAXjuErAwXiU/bF3rAY+FEagFeSENuGmzy540Xm2/kNNzw+aQHXG+89j4TFg9u91BO3+w1iHu5PEuYuN1cY0tzg4p80lZ3dm8fZV4Jh/QmrWBAds3fv1iIf8OnaZc1GgB8KrxDBDQGhQhegi+yeub4nq22B7UeIYIaDs1JKIhPvoicf+DtQaBSA+xeIYJaA1JEBD79WN8A9daA35FfPRYPIMENNdtREIbIz75Ms4XEdCaUeEg8WEe54sIaG4jbup5RnzyIM73y9oA0QF88Hg8szmgIfiuE3whAa0RN5tcI56BAloTAjCkXiTiGSagvTWA7+NV4hkmoDWhYHxcJZ5hAlrH1nocJPlCApqt9TiJFxPQGlCQEfV4reELCWgNKMiIeuxr+EICWgMKMqIea+IZJqA1gC+ivi11fBEB7dVOvnMdX99OvleKZ5iAVv+CDKnHOryQgFb/goyox2stX0RAq39BRtRjX8sXEdDqX5AR9Vgbz47P0FvHF1GPl3q+iIBmZT2e6/kiAlrtCzKiHgd6voiAVvsHtRD1WI8XEtB6FvJdp/Cd28gXUI/9FL6IgFb7gny9eAYJaHUvyIh6vEzjCwhodS/IiHo8T+MLCGh1L8iIehyk8QUEtLoXOEQ9TsOLCGh15wuox+tUvoiAZl899lP5IgJazQsyoB6nxjNIQKt5QQbUt2U6X0BA+7CO7zydLyCg1bwgA+pxkM4XENBqXpCvGc8s/G82AI/OrzP4AgJavQsyoB77GXwBAa3eBRlQjzPiGSKg1bvAAerxMovv2jK+gHo8z+ILCGi21eMgiy8goNW6IAPqcRZeRECrdUGWr2/rTL6AgPZhF18/ky8goNW6IMvX48x4hghotS7IV45niIBW54IMqMfzbL7yAa3OBRlwdT7I5isf0OpckAHjh2y8gIBWZ77y44d1Dl/5gNaxiq+fwxcQ0Kwa7+TEM0RAs2q8s8zjuyZfYDxDBDRRIv8DcG8oHN5K1ewAAAAASUVORK5CYII=', 3, 0, 100),
(12, 'zaid', 'ammar', 'zaid@gmail.com', '$2a$12$kyREwf8H1efIWIu/maG3durZqkLu2YRtv.D5Mx/YWf.5k5h.77XOO', 'employeeemployee', 'iVBORw0KGgoAAAANSUhEUgAAAV8AAAEECAMAAAC4IseHAAAABGdBTUEAALGPC/xhBQAAAAFzUkdCAK7OHOkAAACKUExURUdwTN/VzujKvfW9p9Tq81VYj97Qy1BUjk9Uj+7DstjX105Sj1FVj1BUj9bj6MKdoPa9ptvZ2dnf4fi/p/i/p9rc3ODV0Jvf+Jve95vf+VFVj9Hw/Pi/p5vf+PCsktyzqLDE2Id3lnF+rGZpmsTq+pOtzvG1noSUvKrk+bzX6qeMm2Jhk6bY7Oj//81ITTUAAAAudFJOUwASJvj9vDtrO1uXG9+X8v6AuuKv29B1ueRj/////////////////////////ybpwcAUAAAJdElEQVR42u2daXeiTBSEE5csRmMWzcwLGFEMbpn///de99DQQAO3PJCu+jjpo8cnneqqC4w3N79B9zcUUs4DGQD14PSfSAFoD47TJQWYnpydaMEwdfd8acFYvHQI0NnWd06iQ2COtrP6pCFOt+9ExA2MpEsHlvXdgZPQuWQM2Daqsb3vOjqdDaLPsFa+TNwP+k6KzgZBLy7J9iGd7UHncQQBFwV7P+hmo40Y8IBpwtxpd2C7jqkeLuMIAq5itFn796mv0Kb06asw22ODe4qGYgIWhKvnTSV8oeuIiRacoDtwJMUiF7OGvihejiRiExtHWjziortXHC83cNR7+/J8uYGR7rDTgFzP6iL4MgMD3ZcGAXZfdgysOzBBQA83GvDFHRyYCBfoDpxBYN2BAQLsDuSLdQfyhTUL8j2pD+Vr/fl2D8XLfIbdvl1uX6isH1BqwsNsy+MNGR5m0y2PNyHpLsjPPDHA1tuvo+UrBtj28a/2dNt4nhcGTGeoarzn64UzpgeMPThD76AN+WJGD9MjXwETpv3q5F20IV/xdLaPDxdNA/KVPt6ifCtuYfJNP94uW3jGdizKd+p5UoQf6L8Jbb2kyhIm3zz7vRDekK9MPht6eoWb4nH4iXwTCr00tYcB+VblO/OyVNCIbef7YG4PP5t4xvFZBb6hlytzxLbzfSpoDz8aGl2kI9+i9qBEtrxtzJt/y9iDso03AflmqF/SHhQ3TmVMvv3y9qB0j+FmFpBv/oAn9CpoOow5Mh9u6Va2h5i25Jsx4BlW5jsj3wy+oSxfPn08ELYH9XIS+d4L24M3JN90vu3qfKfkmzrgEbAHL+Tl41S+AvbgeeSbyrctwTcg35QBmoQ9qAGNfG+k7UEJaOR7I20PCl8+uxkZoMnYgxKAyTfCV8YelABMvpEB2lSGr0e+WL5b3v6gHfAI4Y0GNPIl32sNeLZSfDe8/eFHty/n718IpPieA1q/223Zjvfl5569mRTfaSTuje6sxvsesUwxvqHSBh9t373nP+mNFF9POS7b9npEy8PwDZTj8t16dzha5tATDWg/dmPtBm6D+G5Uvi/W28PhSILxtdUgHiO3QAqOH04BOGLntqeH45EfeqIBjXxfvCupRb7k22C+PN/IF5vPoLK2wLWvw9fWfhHpxzzemmvAI45/obJ4AHzH7dv4CGz3Jbh3ugNUtyfA4lHt+IJty/HuPfh95I1epI1i1Hpv71729oaCGPGISKFR+J1IobOIFyJVzznyxYqxDKsRW0WTigaDGTSgtQkUGtAYf7GjNMZfbEBjPMMGCPLFBog78kQecIwPGgNu0x4akoDbbBfQE47bFxqBGX6hR9yI7oC04BFHZ8gdTLxQwDSHvEOuUgx+J948tUZMDtgiV3oSwYtuyBjBk83chEe03np5BG/kKxrU2ty8tckRHOiU2cGmD3y3PwmrDN/PTyPC4Sf5luRrAni3inzL8s0lfFhDvuX5ZhIOP8m3Mt80wuHl5+Rbje+OcJhBl3wr840hDtUffbJdFNefv9PPuMKDEv/sT/4jr4IDiD+TycT/NFH4vVtKwMXw/p3s5Yf5eKffh6U9QjPXvyPeyeR7mofXP62c/CE2U92d8eZ6xGnzHgHzlDPTf5Oosjxiqqwk4BJ4d5rmesNJf/+RXq56k4T8XG8gYOPYO9FId8xNdQsnvHE9P/YaAfb1CxmEy+BNeITGGwjYPPbmbeFpxjo2DZPYq9MZcOhnr2PT0OOd5MnP8wYG4QKxN8UjfIN1BFwK707rb6NlDMKx4PBqhncy/zJcyPulfvQx7rgLI2qB4yxN1q1c9/mV91MejrXXjrvXYmWE13G+jPDu9WZ9VLvtPbsXrYzwGgBeXF6yM7bZJz7eXEU5HjE/f+tjDmD1RTuW+sTZF4wBz3++VvMr3xuieu5Z7QtRrUzwZgFeaF+2M/6w2BdMACt4Hee7EF6bfELnC/ke8a3ideYrQ29QfeLWVl+IAl7pwMX4Lt1VYby/3ieyfCHTI3bgYv7gu24Bb1B94nde47gbd1xTLZL78kvlu19VCu/v9ImWgS+kAj782a9V+3XjgFeFXt/9VT5h6gt6jziRC5R8Fv8tLAq/wW/xiVYBX9ABPm/MZZTvOrbNF6Xe4jf0jl45uhd4l797P4I3SFlTnHDD9/Djs1teCwXdQkln+jUl9NpkvK9uNa2i6Jbzi/zoL2FR7T0avIXHblVF2W11+1dAnaaOMN8kKaT4g8WAZfEqAXjuErAwXiU/bF3rAY+FEagFeSENuGmzy540Xm2/kNNzw+aQHXG+89j4TFg9u91BO3+w1iHu5PEuYuN1cY0tzg4p80lZ3dm8fZV4Jh/QmrWBAds3fv1iIf8OnaZc1GgB8KrxDBDQGhQhegi+yeub4nq22B7UeIYIaDs1JKIhPvoicf+DtQaBSA+xeIYJaA1JEBD79WN8A9daA35FfPRYPIMENNdtREIbIz75Ms4XEdCaUeEg8WEe54sIaG4jbup5RnzyIM73y9oA0QF88Hg8szmgIfiuE3whAa0RN5tcI56BAloTAjCkXiTiGSagvTWA7+NV4hkmoDWhYHxcJZ5hAlrH1nocJPlCApqt9TiJFxPQGlCQEfV4reELCWgNKMiIeuxr+EICWgMKMqIea+IZJqA1gC+ivi11fBEB7dVOvnMdX99OvleKZ5iAVv+CDKnHOryQgFb/goyox2stX0RAq39BRtRjX8sXEdDqX5AR9Vgbz47P0FvHF1GPl3q+iIBmZT2e6/kiAlrtCzKiHgd6voiAVvsHtRD1WI8XEtB6FvJdp/Cd28gXUI/9FL6IgFb7gny9eAYJaHUvyIh6vEzjCwhodS/IiHo8T+MLCGh1L8iIehyk8QUEtLoXOEQ9TsOLCGh15wuox+tUvoiAZl899lP5IgJazQsyoB6nxjNIQKt5QQbUt2U6X0BA+7CO7zydLyCg1bwgA+pxkM4XENBqXpCvGc8s/G82AI/OrzP4AgJavQsyoB77GXwBAa3eBRlQjzPiGSKg1bvAAerxMovv2jK+gHo8z+ILCGi21eMgiy8goNW6IAPqcRZeRECrdUGWr2/rTL6AgPZhF18/ky8goNW6IMvX48x4hghotS7IV45niIBW54IMqMfzbL7yAa3OBRlwdT7I5isf0OpckAHjh2y8gIBWZ77y44d1Dl/5gNaxiq+fwxcQ0Kwa7+TEM0RAs2q8s8zjuyZfYDxDBDRRIv8DcG8oHN5K1ewAAAAASUVORK5CYII=', 3, 0, 300);

-- --------------------------------------------------------

--
-- Structure de la table `transformation`
--

DROP TABLE IF EXISTS `transformation`;
CREATE TABLE IF NOT EXISTS `transformation` (
  `id_t` int(11) NOT NULL AUTO_INCREMENT,
  `nbr_point` int(11) NOT NULL,
  `montant` float NOT NULL,
  `date_t` date NOT NULL,
  `status` tinyint(1) NOT NULL,
  `id_e` int(11) NOT NULL,
  PRIMARY KEY (`id_t`),
  KEY `transformation_ibfk_1` (`id_e`)
) ENGINE=InnoDB AUTO_INCREMENT=41 DEFAULT CHARSET=latin1;

--
-- Déchargement des données de la table `transformation`
--

INSERT INTO `transformation` (`id_t`, `nbr_point`, `montant`, `date_t`, `status`, `id_e`) VALUES
(29, 50, 5, '2023-04-27', 0, 46),
(30, 50, 5, '2023-05-02', 0, 46),
(31, 100, 10, '2023-05-26', 1, 45),
(32, 300, 30, '2023-05-27', 1, 45),
(34, 50, 5, '2023-06-08', 1, 169),
(35, 50, 5, '2023-06-08', 1, 169),
(36, 100, 10, '2023-06-08', 1, 169),
(37, 100, 10, '2023-06-09', 1, 169),
(39, 200, 20, '2023-06-09', 1, 169),
(40, 200, 20, '2023-06-09', 1, 169);

--
-- Contraintes pour les tables déchargées
--

--
-- Contraintes pour la table `carte_cadeaux`
--
ALTER TABLE `carte_cadeaux`
  ADD CONSTRAINT `carte_cadeaux_ibfk_1` FOREIGN KEY (`id_e`) REFERENCES `employee` (`id_e`) ON DELETE NO ACTION ON UPDATE CASCADE;

--
-- Contraintes pour la table `carte_resteau`
--
ALTER TABLE `carte_resteau`
  ADD CONSTRAINT `carte_resteau_ibfk_1` FOREIGN KEY (`id_e`) REFERENCES `employee` (`id_e`) ON DELETE CASCADE ON UPDATE CASCADE;

--
-- Contraintes pour la table `carte_voyage`
--
ALTER TABLE `carte_voyage`
  ADD CONSTRAINT `carte_voyage_ibfk_1` FOREIGN KEY (`id_e`) REFERENCES `employee` (`id_e`) ON DELETE CASCADE ON UPDATE CASCADE;

--
-- Contraintes pour la table `comentaire_recomponce`
--
ALTER TABLE `comentaire_recomponce`
  ADD CONSTRAINT `comentaire_recomponce_ibfk_1` FOREIGN KEY (`id_e`) REFERENCES `employee` (`id_e`) ON DELETE CASCADE ON UPDATE CASCADE,
  ADD CONSTRAINT `comentaire_recomponce_ibfk_2` FOREIGN KEY (`id_r`) REFERENCES `recomponses` (`id_r`) ON DELETE CASCADE ON UPDATE CASCADE;

--
-- Contraintes pour la table `donation`
--
ALTER TABLE `donation`
  ADD CONSTRAINT `donation_ibfk_1` FOREIGN KEY (`id_e`) REFERENCES `employee` (`id_e`) ON DELETE CASCADE ON UPDATE CASCADE,
  ADD CONSTRAINT `donation_ibfk_2` FOREIGN KEY (`id_a`) REFERENCES `association` (`id_a`) ON DELETE CASCADE ON UPDATE CASCADE;

--
-- Contraintes pour la table `employee`
--
ALTER TABLE `employee`
  ADD CONSTRAINT `employee_ibfk_1` FOREIGN KEY (`id_r`) REFERENCES `responsable` (`id_r`) ON DELETE CASCADE ON UPDATE CASCADE;

--
-- Contraintes pour la table `historique_points`
--
ALTER TABLE `historique_points`
  ADD CONSTRAINT `employee_hp` FOREIGN KEY (`id_e`) REFERENCES `employee` (`id_e`) ON DELETE CASCADE;

--
-- Contraintes pour la table `recomponses`
--
ALTER TABLE `recomponses`
  ADD CONSTRAINT `recomponses_ibfk_1` FOREIGN KEY (`id_e`) REFERENCES `employee` (`id_e`) ON DELETE CASCADE ON UPDATE CASCADE,
  ADD CONSTRAINT `recomponses_ibfk_2` FOREIGN KEY (`id_e_r`) REFERENCES `employee` (`id_e`) ON DELETE CASCADE ON UPDATE CASCADE;

--
-- Contraintes pour la table `responsable`
--
ALTER TABLE `responsable`
  ADD CONSTRAINT `responsable_ibfk_1` FOREIGN KEY (`id_admin`) REFERENCES `admin` (`id_admin`) ON DELETE NO ACTION ON UPDATE CASCADE;

--
-- Contraintes pour la table `transformation`
--
ALTER TABLE `transformation`
  ADD CONSTRAINT `transformation_ibfk_1` FOREIGN KEY (`id_e`) REFERENCES `employee` (`id_e`) ON DELETE CASCADE ON UPDATE CASCADE;
COMMIT;

/*!40101 SET CHARACTER_SET_CLIENT=@OLD_CHARACTER_SET_CLIENT */;
/*!40101 SET CHARACTER_SET_RESULTS=@OLD_CHARACTER_SET_RESULTS */;
/*!40101 SET COLLATION_CONNECTION=@OLD_COLLATION_CONNECTION */;
